step,timestamp,gene_MCM2,gene_MCM5,gene_PCNA,gene_DNA_POL_ALPHA,gene_CDC45,gene_CCND1,gene_CDK2,gene_RB1,gene_TP53,gene_ATM,gene_ATR,gene_CHEK1,gene_STAT1,gene_IRF7,gene_IFNB1,gene_BAX,gene_BCL2,gene_HSPA1A,gene_FKBP1A,gene_MTOR,gene_viral_LT,gene_viral_ST,gene_viral_VP1,gene_viral_VP2,gene_viral_VP3,protein_MCM2,protein_PCNA,protein_RB1,protein_p53,protein_STAT1,protein_mTOR,protein_LT,protein_ST,protein_VP1,metabolite_atp,metabolite_dATP,metabolite_dCTP,metabolite_dGTP,metabolite_dTTP,metabolite_amino_acids,pathway_dna_replication,pathway_cell_cycle,pathway_dna_damage_response,pathway_innate_immune,pathway_apoptosis,pathway_mTOR_signaling,pathway_viral_replication,pathway_cellular_stress,pathway_interferon_response,pathway_nucleotide_synthesis
0,0.0,1.0,1.0,1.2,1.0,1.0,0.8,1.0,1.2,1.0,0.9,0.9,0.8,0.7,0.5,0.3,0.5,0.6,0.7,1.0,1.0,0.0,0.0,0.0,0.0,0.0,1.0,1.2,1.2,1.0,0.7,1.0,0.0,0.0,0.0,3.0,0.5,0.5,0.5,0.5,2.0,0.8,0.6,0.3,0.5,0.2,1.0,0.0,0.3,0.4,0.7
1,1.0,1.0,1.0,1.2,1.0,1.0,0.8,1.0,1.2,0.99,0.891,0.891,0.792,0.6859999999999999,0.49,0.294,0.504,0.603,0.7,1.0,1.0,0.12800000000000003,0.0,0.0,0.0,0.0,1.0,1.2,1.2,0.99,0.6859999999999999,1.0,0.12800000000000003,0.0,0.0,3.0,0.5,0.5,0.5,0.5,2.0,0.8,0.6,0.3,0.5,0.2,1.0,0.0,0.3,0.4,0.7
2,2.0,1.0,1.0,1.2,1.0,1.0,0.8,1.0,1.2,0.9801,0.88209,0.88209,0.78408,0.67228,0.4802,0.28812,0.5091600000000001,0.60717,0.7,1.0,1.0,0.21184000000000003,0.0,0.0,0.0,0.0,1.0,1.2,1.2,0.9801,0.67228,1.0,0.21184000000000003,0.0,0.0,3.0,0.5,0.5,0.5,0.5,2.0,0.8,0.6,0.3,0.5,0.2,1.0,0.0,0.3,0.4,0.7
3,3.0,1.0,1.0,1.2,1.0,1.0,0.8,1.0,1.2,0.970299,0.8732691,0.8732691,0.7762392,0.6588344,0.470596,0.2823576,0.5153484,0.6123783,0.7,1.0,1.0,0.298304,0.0,0.0,0.0,0.0,1.0,1.2,1.2,0.970299,0.6588344,1.0,0.298304,0.0,0.0,3.0,0.5,0.5,0.5,0.5,2.0,0.8,0.6,0.3,0.5,0.2,1.0,0.0,0.3,0.4,0.7
4,4.0,1.0,1.0,1.2,1.0,1.0,0.8,1.0,1.2,0.9605960100000001,0.8645364090000001,0.8645364090000001,0.7684768080000001,0.645657712,0.46118408,0.276710448,0.522446916,0.618506517,0.7,1.0,1.0,0.3876544,0.0,0.0,0.0,0.0,1.0,1.2,1.2,0.9605960100000001,0.645657712,1.0,0.3876544,0.0,0.0,3.0,0.5,0.5,0.5,0.5,2.0,0.8,0.6,0.3,0.5,0.2,1.0,0.0,0.3,0.4,0.7
5,5.0,1.0,1.0,1.2,1.0,1.0,0.8,1.0,1.2,0.9509900499,0.85589104491,0.85589104491,0.7607920399200001,0.63274455776,0.4519603984,0.27117623904,0.5303492468400001,0.6254482518300001,0.7,1.0,1.0,0.48514181632,0.0,0.0,0.0,0.0,1.0,1.2,1.2,0.9509900499,0.63274455776,1.0,0.48514181632,0.0,0.0,3.0,0.5,0.5,0.5,0.5,2.0,0.8,0.6,0.3,0.5,0.2,1.0,0.0,0.3,0.4,0.7
6,6.0,1.0,1.0,1.2,1.0,1.0,0.8,1.0,1.2,0.9712158640854337,0.8770678491453336,0.8770678491453336,0.7829198342052338,0.6676668100998939,0.4904983339270939,0.31332985775429384,0.5389598743716001,0.6331078893117,0.7,1.0,1.0,0.5932050903544515,0.0003773008335554413,0.0003773008335554413,0.0003773008335554413,0.0003773008335554413,1.0,1.2,1.2,0.9712158640854337,0.6676668100998939,1.0,0.5932050903544515,0.0003773008335554413,0.0003773008335554413,3.0,0.5,0.5,0.5,0.5,2.0,0.8,0.6,0.3,0.5,0.2,1.0,0.007546016671108826,0.3,0.4,0.7
7,7.0,1.0,1.0,1.2,1.0,1.0,0.8,1.0,1.2,0.9973763456387473,0.9041698108480483,0.9041698108480483,0.8109632760573494,0.7117096982085648,0.5380845915592208,0.36445948490987673,0.548192983627884,0.641399518418583,0.7,1.0,1.0,0.7140130530020912,0.0008599377203171051,0.0008599377203171051,0.0008599377203171051,0.0008599377203171051,1.0,1.2,1.2,0.9973763456387473,0.7117096982085648,1.0,0.7140130530020912,0.0008599377203171051,0.0008599377203171051,3.0,0.5,0.5,0.5,0.5,2.0,0.8,0.6,0.3,0.5,0.2,1.0,0.009652737735233273,0.3,0.4,0.7
8,8.0,1.0,1.0,1.2,1.0,1.0,0.8,1.0,1.2,1.0302242767662804,0.9379498073234882,0.9379498073234882,0.8456753378806964,0.7659902155786662,0.5958376110623091,0.42568500654595187,0.5579714909916053,0.6502459604343972,0.7,1.0,1.0,0.850437661844356,0.0014990574585130993,0.0014990574585130993,0.0014990574585130993,0.0014990574585130993,1.0,1.2,1.2,1.0302242767662804,0.7659902155786662,1.0,0.850437661844356,0.0014990574585130993,0.0014990574585130993,3.0,0.5,0.5,0.5,0.5,2.0,0.8,0.6,0.3,0.5,0.2,1.0,0.012782394763919883,0.3,0.4,0.7
9,9.0,1.0,1.0,1.2,1.0,1.0,0.8,1.0,1.2,1.0706908487602036,0.9793391240118393,0.9793391240118393,0.8879873992634755,0.8319005148856305,0.6651509624596006,0.49840141003357047,0.5682261695616893,0.6595778943100532,0.7,1.0,1.0,1.005868984202941,0.0023768277571949554,0.0023768277571949554,0.0023768277571949554,0.0023768277571949554,1.0,1.2,1.2,1.0706908487602036,0.8319005148856305,1.0,1.005868984202941,0.0023768277571949554,0.0023768277571949554,3.0,0.5,0.5,0.5,0.5,2.0,0.8,0.6,0.3,0.5,0.2,1.0,0.017555405973637122,0.3,0.4,0.7
10,10.0,1.0,1.0,1.2,1.0,1.0,0.8,1.0,1.2,1.1199254676630244,1.0294872601621436,1.0294872601621436,0.9390490526612635,0.9111689484125943,0.7477543870350849,0.5843398256575754,0.5788948619980724,0.6693330694989527,0.7,1.0,1.0,1.1843292805531351,0.003625316813829902,0.003625316813829902,0.003625316813829902,0.003625316813829902,1.0,1.2,1.2,1.1199254676630244,0.9111689484125943,1.0,1.1843292805531351,0.003625316813829902,0.003625316813829902,3.0,0.5,0.5,0.5,0.5,2.0,0.8,0.6,0.3,0.5,0.2,1.0,0.02496978113269893,0.3,0.4,0.7
11,11.0,1.0,1.0,1.2,1.0,1.0,0.8,1.0,1.2,1.1793486458086644,1.0898148203827924,1.0898148203827924,1.0002809949569211,1.0059414619599747,0.8457951918100155,0.6856489216600562,0.5899217720968917,0.6794555975227632,0.7,1.0,1.0,1.3906187036562518,0.005457488197287912,0.005457488197287912,0.005457488197287912,0.005457488197287912,1.0,1.2,1.2,1.1793486458086644,1.0059414619599747,1.0,1.3906187036562518,0.005457488197287912,0.005457488197287912,3.0,0.5,0.5,0.5,0.5,2.0,0.8,0.6,0.3,0.5,0.2,1.0,0.0366434276691602,0.3,0.4,0.7
12,12.0,1.0,1.0,1.2,1.0,1.0,0.8,1.0,1.2,1.2507239522378037,1.1620854650661905,1.1620854650661905,1.0734469778945779,1.1188927013403367,0.9619493565933767,0.8050060118464165,0.6012568272228428,0.6898953143944555,0.7,1.0,1.0,1.6305050346654912,0.008217705769756674,0.008217705769756674,0.008217705769756674,0.008217705769756674,1.0,1.2,1.2,1.2507239522378037,1.1188927013403367,1.0,1.6305050346654912,0.008217705769756674,0.008217705769756674,3.0,0.5,0.5,0.5,0.5,2.0,0.8,0.6,0.3,0.5,0.2,1.0,0.05520435144937522,0.3,0.4,0.7
13,13.0,1.0,1.0,1.2,1.0,1.0,0.8,1.0,1.2,1.3362581983232658,1.2485060960233687,1.2485060960233687,1.1607539937234723,1.2533812242860742,1.0995767464340533,0.9457722685820324,0.6128551045128424,0.7006072068127389,0.7,1.0,1.0,1.9109759743330783,0.012463434455931042,0.012463434455931042,0.012463434455931042,0.012463434455931042,1.0,1.2,1.2,1.3362581983232658,1.2533812242860742,1.0,1.9109759743330783,0.012463434455931042,0.012463434455931042,3.0,0.5,0.5,0.5,0.5,2.0,0.8,0.6,0.3,0.5,0.2,1.0,0.08491457372348736,0.3,0.4,0.7
14,14.0,1.0,1.0,1.2,1.0,1.0,0.8,1.0,1.2,1.438750142875046,1.351875561598148,1.351875561598148,1.2650009803212505,1.4136808422563734,1.2629524539613928,1.1122240656664122,0.6246763144737192,0.7115508957506167,0.7,1.0,1.0,2.240606375977477,0.019121038680694806,0.019121038680694806,0.019121038680694806,0.019121038680694806,1.0,1.2,1.2,1.438750142875046,1.4136808422563734,1.0,2.240606375977477,0.019121038680694806,0.019121038680694806,3.0,0.5,0.5,0.5,0.5,2.0,0.8,0.6,0.3,0.5,0.2,1.0,0.1331520844952753,0.3,0.4,0.7
15,15.0,1.0,1.0,1.2,1.0,1.0,0.8,1.0,1.2,1.5644677565634333,1.4784619210993042,1.4784619210993042,1.392456085635176,1.6095754095986665,1.4618615890695854,1.3141477685405045,0.6366843362343867,0.7226901716985152,0.7,1.0,1.0,2.640693209663246,0.04035227316987777,0.04035227316987777,0.04035227316987777,0.04035227316987777,1.0,1.2,1.2,1.5644677565634333,1.6095754095986665,1.0,2.640693209663246,0.04035227316987777,0.04035227316987777,3.0,0.5,0.5,0.5,0.5,2.0,0.8,0.6,0.3,0.5,0.2,1.0,0.42462468978365936,0.3,0.4,0.7
16,16.0,1.0,1.0,1.2,1.0,1.0,0.8,1.0,1.2,1.7198980552225311,1.6347522781130432,1.6347522781130432,1.5496065010035562,1.8511038633662644,1.706344319247765,1.5615847751292657,0.648846799286907,0.7339925763963943,0.7,1.0,1.0,3.1220967786127054,0.07485068647048404,0.07485068647048404,0.07485068647048404,0.07485068647048404,1.0,1.2,1.2,1.7198980552225311,1.8511038633662644,1.0,3.1220967786127054,0.07485068647048404,0.07485068647048404,3.0,0.5,0.5,0.5,0.5,2.0,0.8,0.6,0.3,0.5,0.2,1.0,0.6899682660121251,0.3,0.4,0.7
17,17.0,1.0,1.0,1.2,1.0,1.0,0.8,1.0,1.2,1.9144530335080332,1.83015871416964,1.83015871416964,1.745864394831248,2.152888120239303,2.011023767003173,1.869159413767044,0.6611347070674157,0.7454290264058081,0.7,1.0,1.0,3.7082113901127194,0.13171694666045636,0.13171694666045636,0.13171694666045636,0.13171694666045636,1.0,1.2,1.2,1.9144530335080332,2.152888120239303,1.0,3.7082113901127194,0.13171694666045636,0.13171694666045636,3.0,0.5,0.5,0.5,0.5,2.0,0.8,0.6,0.3,0.5,0.2,1.0,1.1373252037994466,0.3,0.4,0.7
18,18.0,1.0,1.0,1.2,1.0,1.0,0.8,1.0,1.2,2.1616544330195913,2.078203056874582,2.078203056874582,1.994751680729574,2.535983845589138,2.396956779417731,2.2579297132463245,0.6735220981927815,0.75697347433779,0.7,1.0,1.0,4.428036185357382,0.22472060289384677,0.22472060289384677,0.22472060289384677,0.22472060289384677,1.0,1.2,1.2,2.1616544330195913,2.535983845589138,1.0,4.428036185357382,0.22472060289384677,0.22472060289384677,3.0,0.5,0.5,0.5,0.5,2.0,0.8,0.6,0.3,0.5,0.2,1.0,1.8600731246678077,0.3,0.4,0.7
19,19.0,1.0,1.0,1.2,1.0,1.0,0.8,1.0,1.2,2.4685755276045045,2.385958665220946,2.385958665220946,2.3033418028373878,3.0109243909415304,2.8746778660935517,2.738431341245573,0.6859857415872898,0.7686026039708481,0.7,1.0,1.0,5.235845916459857,0.3337267154605831,0.3337267154605831,0.3337267154605831,0.3337267154605831,1.0,1.2,1.2,2.4685755276045045,3.0109243909415304,1.0,5.235845916459857,0.3337267154605831,0.3337267154605831,3.0,0.5,0.5,0.5,0.5,2.0,0.8,0.6,0.3,0.5,0.2,1.0,2.1801222513347267,0.3,0.4,0.7
20,20.0,1.0,1.0,1.2,1.0,1.0,0.8,1.0,1.2,2.8431214152221584,2.761330721462435,2.761330721462435,2.679540027702713,3.589476531752618,3.4559549374015988,3.3224333430505797,0.6985048621102092,0.780295555869932,0.7,1.0,1.0,6.142289605691002,0.4605858130457434,0.4605858130457434,0.4605858130457434,0.4605858130457434,1.0,1.2,1.2,2.8431214152221584,3.589476531752618,1.0,6.142289605691002,0.4605858130457434,0.4605858130457434,3.0,0.5,0.5,0.5,0.5,2.0,0.8,0.6,0.3,0.5,0.2,1.0,2.537181951703206,0.3,0.4,0.7
21,21.0,1.0,1.0,1.2,1.0,1.0,0.8,1.0,1.2,3.2941321379780577,3.213159351155932,3.213159351155932,3.1321865643338067,4.284794100170559,4.15394293770656,4.023091775242562,0.7110608936340203,0.7920336804561459,0.7,1.0,1.0,7.159313950203971,0.6073811969896121,0.6073811969896121,0.6073811969896121,0.6073811969896121,1.0,1.2,1.2,3.2941321379780577,4.284794100170559,1.0,7.159313950203971,0.6073811969896121,0.6073811969896121,3.0,0.5,0.5,0.5,0.5,2.0,0.8,0.6,0.3,0.5,0.2,1.0,2.935907678877373,0.3,0.4,0.7
22,22.0,1.0,1.0,1.2,1.0,1.0,0.8,1.0,1.2,3.831498137331631,3.7513350783777266,3.7513350783777266,3.6711720194238224,5.1115899313405135,4.983355792125795,4.855121652911077,0.7236372568281019,0.8038003157820063,0.7,1.0,1.0,8.30032060152122,0.7764564532864635,0.7764564532864635,0.7764564532864635,0.7764564532864635,1.0,1.2,1.2,3.831498137331631,5.1115899313405135,1.0,8.30032060152122,0.7764564532864635,0.7764564532864635,3.0,0.5,0.5,0.5,0.5,2.0,0.8,0.6,0.3,0.5,0.2,1.0,3.381505125937028,0.3,0.4,0.7
23,23.0,1.0,1.0,1.2,1.0,1.0,0.8,1.0,1.2,4.466289560445831,4.386928132081466,4.386928132081466,4.307566703717101,6.08632837989373,5.960658923463305,5.834989467032882,0.7362191591772005,0.8155805875415659,0.7,1.0,1.0,9.580342584659569,0.9704463762726905,0.9704463762726905,0.9704463762726905,0.9704463762726905,1.0,1.2,1.2,4.466289560445831,6.08632837989373,1.0,9.580342584659569,0.9704463762726905,0.9704463762726905,3.0,0.5,0.5,0.5,0.5,2.0,0.8,0.6,0.3,0.5,0.2,1.0,3.8797984597245403,0.3,0.4,0.7
24,24.0,1.0,1.0,1.2,1.0,1.0,0.8,1.0,1.2,5.210901116396202,5.132333302315481,5.132333302315481,5.05376548823476,7.227440934783583,7.104284867481766,6.981128800179952,0.7487934150110702,0.827361229091792,0.7,1.0,1.0,11.016242179701587,1.1923117128487513,1.1923117128487513,1.1923117128487513,1.1923117128487513,1.0,1.2,1.2,5.210901116396202,7.227440934783583,1.0,11.016242179701587,1.1923117128487513,1.1923117128487513,3.0,0.5,0.5,0.5,0.5,2.0,0.8,0.6,0.3,0.5,0.2,1.0,4.437306731521214,0.3,0.4,0.7
25,25.0,1.0,1.0,1.2,1.0,1.0,0.8,1.0,1.2,6.079214385991587,6.001432250051673,6.001432250051673,5.923650114111759,8.555567765302866,8.434874819347085,8.314181873391307,0.761348283544037,0.8391304194839516,0.7,1.0,1.0,12.626932870895782,1.4453781860727883,1.4453781860727883,1.4453781860727883,1.4453781860727883,1.0,1.2,1.2,6.079214385991587,8.555567765302866,1.0,12.626932870895782,1.4453781860727883,1.4453781860727883,3.0,0.5,0.5,0.5,0.5,2.0,0.8,0.6,0.3,0.5,0.2,1.0,5.0613294644807425,0.3,0.4,0.7
26,26.0,1.0,1.0,1.2,1.0,1.0,0.8,1.0,1.2,7.086779718987605,7.009775404407091,7.009775404407091,6.932771089826575,10.093828372966305,9.975549285929638,9.857270198892977,0.7738733231233664,0.8508776377038819,0.7,1.0,1.0,14.433628284953796,1.7333803130412249,1.7333803130412249,1.7333803130412249,1.7333803130412249,1.0,1.2,1.2,7.086779718987605,10.093828372966305,1.0,14.433628284953796,1.7333803130412249,1.7333803130412249,3.0,0.5,0.5,0.5,0.5,2.0,0.8,0.6,0.3,0.5,0.2,1.0,5.76004253936873,0.3,0.4,0.7
27,27.0,1.0,1.0,1.2,1.0,1.0,0.8,1.0,1.2,8.25102011053403,8.174785839099322,8.174785839099322,8.098551567664611,11.86812490748506,11.752211402189126,11.636297896893197,0.7863592600654256,0.8625935315001358,0.7,1.0,1.0,16.460121395271564,2.0605105948636124,2.0605105948636124,2.0605105948636124,2.0605105948636124,1.0,1.2,1.2,8.25102011053403,11.86812490748506,1.0,16.460121395271564,2.0605105948636124,2.0605105948636124,3.0,0.5,0.5,0.5,0.5,2.0,0.8,0.6,0.3,0.5,0.2,1.0,6.542605636447753,0.3,0.4,0.7
28,28.0,1.0,1.0,1.2,1.0,1.0,0.8,1.0,1.2,9.591459738192166,9.515987809471802,9.515987809471802,9.44051588075144,13.907482135356918,13.793886900166903,13.680291664976892,0.7987978706207348,0.874269799341098,0.7,1.0,1.0,18.733097667001985,2.4314747270668766,2.4314747270668766,2.4314747270668766,2.4314747270668766,1.0,1.2,1.2,9.591459738192166,13.907482135356918,1.0,18.733097667001985,2.4314747270668766,2.4314747270668766,3.0,0.5,0.5,0.5,0.5,2.0,0.8,0.6,0.3,0.5,0.2,1.0,7.419282644065284,0.3,0.4,0.7
29,29.0,1.0,1.0,1.2,1.0,1.0,0.8,1.0,1.2,11.129980165604698,11.05526295617154,11.05526295617154,10.980545746738379,16.244428532320907,16.13310520183469,16.02178187134848,0.8111818747548947,0.8858990841880542,0.7,1.0,1.0,21.282486264486064,2.851553557850756,2.851553557850756,2.851553557850756,2.851553557850756,1.0,1.2,1.2,11.129980165604698,16.244428532320907,1.0,21.282486264486064,2.851553557850756,2.851553557850756,3.0,0.5,0.5,0.5,0.5,2.0,0.8,0.6,0.3,0.5,0.2,1.0,8.401576615677584,0.3,0.4,0.7
30,30.0,1.0,1.0,1.2,1.0,1.0,0.8,1.0,1.2,12.891107583177368,12.817137545838541,12.817137545838541,12.743167508499713,18.915423512440434,18.806326648563946,18.697229784687458,0.8235048405636761,0.8974748779025041,0.7,1.0,1.0,24.141853943382,3.326672610298085,3.326672610298085,3.326672610298085,3.326672610298085,1.0,1.2,1.2,12.891107583177368,18.915423512440434,1.0,24.141853943382,3.326672610298085,3.326672610298085,3.0,0.5,0.5,0.5,0.5,2.0,0.8,0.6,0.3,0.5,0.2,1.0,9.502381048946576,0.3,0.4,0.7
31,31.0,1.0,1.0,1.2,1.0,1.0,0.8,1.0,1.2,14.902334864737707,14.829104527772268,14.829104527772268,14.755874190806828,21.961336414019005,21.854421487420048,21.747506560821087,0.8357610982587368,0.9089914352241765,0.7,1.0,1.0,27.348846811506142,3.863480084084026,3.863480084084026,3.863480084084026,3.863480084084026,1.0,1.2,1.2,14.902334864737707,21.961336414019005,1.0,27.348846811506142,3.863480084084026,3.863480084084026,3.0,0.5,0.5,0.5,0.5,2.0,0.8,0.6,0.3,0.5,0.2,1.0,10.736149475718822,0.3,0.4,0.7
32,32.0,1.0,1.0,1.2,1.0,1.0,0.8,1.0,1.2,17.194482677452225,17.12198464385644,17.12198464385644,17.049486610260654,25.427983543917655,25.323206915850676,25.218430287783693,0.8479456627667771,0.9204436963625624,0.7,1.0,1.0,30.945685772305758,4.469434363733026,4.469434363733026,4.469434363733026,4.469434363733026,1.0,1.2,1.2,17.194482677452225,25.427983543917655,1.0,30.945685772305758,4.469434363733026,4.469434363733026,3.0,0.5,0.5,0.5,0.5,2.0,0.8,0.6,0.3,0.5,0.2,1.0,12.11908559298,0.3,0.4,0.7
33,33.0,1.0,1.0,1.2,1.0,1.0,0.8,1.0,1.2,19.802104396344376,19.73033134308455,19.73033134308455,19.65855828982472,29.36673034610598,29.26404925060034,29.1613681550947,0.8600541640806741,0.9318272173405017,0.7,1.0,1.0,34.97972217130934,5.1529021855060355,5.1529021855060355,5.1529021855060355,5.1529021855060355,1.0,1.2,1.2,19.802104396344376,29.36673034610598,1.0,34.97972217130934,5.1529021855060355,5.1529021855060355,3.0,0.5,0.5,0.5,0.5,2.0,0.8,0.6,0.3,0.5,0.2,1.0,13.669356435460195,0.3,0.4,0.7
34,34.0,1.0,1.0,1.2,1.0,1.0,0.8,1.0,1.2,22.763940151329333,22.692884828602107,22.692884828602107,22.621829505874874,33.8351666175013,33.73453914390578,33.63391167031025,0.8720827845872758,0.9431381073145051,0.7,1.0,1.0,39.504060958141,5.923268755206754,5.923268755206754,5.923268755206754,5.923268755206754,1.0,1.2,1.2,22.763940151329333,33.8351666175013,1.0,39.504060958141,5.923268755206754,5.923268755206754,3.0,0.5,0.5,0.5,0.5,2.0,0.8,0.6,0.3,0.5,0.2,1.0,15.407331394014363,0.3,0.4,0.7
35,35.0,1.0,1.0,1.2,1.0,1.0,0.8,1.0,1.2,26.12342598135788,26.05308121185793,26.05308121185793,25.982736442357968,38.897863655618224,38.79924873149461,38.70063380737099,0.8840282026740707,0.9543729721740276,0.7,1.0,1.0,44.578259565166036,6.791061266417694,6.791061266417694,6.791061266417694,6.791061266417694,1.0,1.2,1.2,26.12342598135788,38.897863655618224,1.0,44.578259565166036,6.791061266417694,6.791061266417694,3.0,0.5,0.5,0.5,0.5,2.0,0.8,0.6,0.3,0.5,0.2,1.0,17.35585022421879,0.3,0.4,0.7
36,36.0,1.0,1.0,1.2,1.0,1.0,0.8,1.0,1.2,29.929264795553134,29.859623473748183,29.859623473748183,29.78998215194322,44.627223300919994,44.53058067527885,44.4339380496377,0.8958875419867308,0.9655288637916881,0.7,1.0,1.0,50.26911170024729,7.76808744498234,7.76808744498234,7.76808744498234,7.76808744498234,1.0,1.2,1.2,29.929264795553134,44.627223300919994,1.0,50.26911170024729,7.76808744498234,7.76808744498234,3.0,0.5,0.5,0.5,0.5,2.0,0.8,0.6,0.3,0.5,0.2,1.0,19.54052357129293,0.3,0.4,0.7
37,37.0,1.0,1.0,1.2,1.0,1.0,0.8,1.0,1.2,34.23606665467647,34.16712174608957,34.16712174608957,34.098176837502656,51.10443004622778,51.00972027309946,50.91501049997114,0.9076583257723242,0.9766032343592319,0.7,1.0,1.0,56.651526368547216,8.867590943257547,8.867590943257547,8.867590943257547,8.867590943257547,1.0,1.2,1.2,34.23606665467647,51.10443004622778,1.0,56.651526368547216,8.867590943257547,8.867590943257547,3.0,0.5,0.5,0.5,0.5,2.0,0.8,0.6,0.3,0.5,0.2,1.0,21.990069965504112,0.3,0.4,0.7
38,38.0,1.0,1.0,1.2,1.0,1.0,0.8,1.0,1.2,39.105066798579784,39.03681133907875,39.03681133907875,38.96855587957771,58.420518742023354,58.3277031643576,58.23488758669184,0.9193384357995156,0.9875938953005542,0.7,1.0,1.0,63.809513691515825,10.104425629371434,10.104425629371434,10.104425629371434,10.104425629371434,1.0,1.2,1.2,39.105066798579784,58.420518742023354,1.0,63.809513691515825,10.104425629371434,10.104425629371434,3.0,0.5,0.5,0.5,0.5,2.0,0.8,0.6,0.3,0.5,0.2,1.0,24.736693722277764,0.3,0.4,0.7
39,39.0,1.0,1.0,1.2,1.0,1.0,0.8,1.0,1.2,44.60493086849712,44.537357963591106,44.537357963591106,44.46978505868507,66.67757194782791,66.58661268171547,66.49565341560303,0.9309260753979436,0.9984989803039719,0.7,1.0,1.0,71.83729049664933,11.495251065353361,11.495251065353361,11.495251065353361,11.495251065353361,1.0,1.2,1.2,44.60493086849712,66.67757194782791,1.0,71.83729049664933,11.495251065353361,11.495251065353361,3.0,0.5,0.5,0.5,0.5,2.0,0.8,0.6,0.3,0.5,0.2,1.0,27.816508719638534,0.3,0.4,0.7
40,40.0,1.0,1.0,1.2,1.0,1.0,0.8,1.0,1.2,50.812657920566494,50.74576074470954,50.74576074470954,50.67886356885256,75.99006268607832,75.90092260528812,75.81178252449793,0.9424197362047451,1.009316912061713,0.7,1.0,1.0,80.8405202277861,13.058751746825205,13.058751746825205,13.058751746825205,13.058751746825205,1.0,1.2,1.2,50.812657920566494,75.99006268607832,1.0,80.8405202277861,13.058751746825205,13.058751746825205,3.0,0.5,0.5,0.5,0.5,2.0,0.8,0.6,0.3,0.5,0.2,1.0,31.270013629436875,0.3,0.4,0.7
41,41.0,1.0,1.0,1.2,1.0,1.0,0.8,1.0,1.2,57.81459311395435,57.748364909855965,57.748364909855965,57.68213670575756,86.48636026850639,86.39900298933199,86.3116457101576,0.9538181682474004,1.0200463723457986,0.7,1.0,1.0,90.93770349336567,14.815882989626177,14.815882989626177,14.815882989626177,14.815882989626177,1.0,1.2,1.2,57.81459311395435,86.48636026850639,1.0,90.93770349336567,14.815882989626177,14.815882989626177,3.0,0.5,0.5,0.5,0.5,2.0,0.8,0.6,0.3,0.5,0.2,1.0,35.142624856019424,0.3,0.4,0.7
42,42.0,1.0,1.0,1.2,1.0,1.0,0.8,1.0,1.2,65.70756340031883,65.64199747826143,65.64199747826143,65.57643155620401,98.3104190111427,98.2248088775518,98.1391987439609,0.9651203530291589,1.030686275086573,0.7,1.0,1.0,102.26173755247696,16.7901466994009,16.7901466994009,16.7901466994009,16.7901466994009,1.0,1.2,1.2,65.70756340031883,98.3104190111427,1.0,102.26173755247696,16.7901466994009,16.7901466994009,3.0,0.5,0.5,0.5,0.5,2.0,0.8,0.6,0.3,0.5,0.2,1.0,39.48527419549449,0.3,0.4,0.7
43,43.0,1.0,1.0,1.2,1.0,1.0,0.8,1.0,1.2,74.60015116008859,74.53524089725175,74.53524089725175,74.4703306344149,111.62367206095654,111.53977413003746,111.45587619911838,0.9763254793166766,1.0412357421535166,0.7,1.0,1.0,114.96166526175074,19.00790065342698,19.00790065342698,19.00790065342698,19.00790065342698,1.0,1.2,1.2,74.60015116008859,111.62367206095654,1.0,114.96166526175074,19.00790065342698,19.00790065342698,3.0,0.5,0.5,0.5,0.5,2.0,0.8,0.6,0.3,0.5,0.2,1.0,44.35507908052163,0.3,0.4,0.7
44,44.0,1.0,1.0,1.2,1.0,1.0,0.8,1.0,1.2,84.61412254645475,84.54986138624629,84.54986138624629,84.48560022603782,126.6071552564847,126.524935284184,126.4427153118833,0.9874329213595381,1.0516940815680098,0.7,1.0,1.0,129.20463649946728,21.49870536496845,21.49870536496845,21.49870536496845,21.49870536496845,1.0,1.2,1.2,84.61412254645475,126.6071552564847,1.0,129.20463649946728,21.49870536496845,21.49870536496845,3.0,0.5,0.5,0.5,0.5,2.0,0.8,0.6,0.3,0.5,0.2,1.0,49.81609423082942,0.3,0.4,0.7
45,45.0,1.0,1.0,1.2,1.0,1.0,0.8,1.0,1.2,95.8860293339672,95.82241078536083,95.82241078536083,95.75879223675443,143.46388897211818,143.3833133992635,143.30273782640882,0.9984422192983682,1.0620607679047551,0.7,1.0,1.0,145.17810787946442,24.295713095018858,24.295713095018858,24.295713095018858,24.295713095018858,1.0,1.2,1.2,95.8860293339672,143.46388897211818,1.0,145.17810787946442,24.295713095018858,24.295713095018858,3.0,0.5,0.5,0.5,0.5,2.0,0.8,0.6,0.3,0.5,0.2,1.0,55.94015460100814,0.3,0.4,0.7
46,46.0,1.0,1.0,1.2,1.0,1.0,0.8,1.0,1.2,108.5690053519848,108.50602298886449,108.50602298886449,108.44304062574416,162.42154929084745,162.34258522944987,162.26362116805228,1.0093530615425674,1.0723354246628904,0.7,1.0,1.0,163.0923097033427,27.436104130950675,27.436104130950675,27.436104130950675,27.436104130950675,1.0,1.2,1.2,108.5690053519848,162.42154929084745,1.0,163.0923097033427,27.436104130950675,27.436104130950675,3.0,0.5,0.5,0.5,0.5,2.0,0.8,0.6,0.3,0.5,0.2,1.0,62.80782071863635,0.3,0.4,0.7
47,47.0,1.0,1.0,1.2,1.0,1.0,0.8,1.0,1.2,122.83478114400512,122.77242860451601,122.77242860451601,122.71007606502688,183.73546365789477,183.65807887772513,183.5806940975555,1.0201652689206064,1.0825178084097262,0.7,1.0,1.0,183.18301261634167,30.96157607361538,30.96157607361538,30.96157607361538,30.96157607361538,1.0,1.2,1.2,122.83478114400512,183.73546365789477,1.0,183.18301261634167,30.96157607361538,30.96157607361538,3.0,0.5,0.5,0.5,0.5,2.0,0.8,0.6,0.3,0.5,0.2,1.0,70.50943885329409,0.3,0.4,0.7
48,48.0,1.0,1.0,1.2,1.0,1.0,0.8,1.0,1.2,138.87594336578974,138.8142143516955,138.8142143516955,138.75248533760129,207.69197043789634,207.6161333533301,207.54029626876385,1.0308787804255186,1.0926077945197472,0.7,1.0,1.0,205.71463037638702,34.918892572026564,34.918892572026564,34.918892572026564,34.918892572026564,1.0,1.2,1.2,138.87594336578974,207.69197043789634,1.0,205.71463037638702,34.918892572026564,34.918892572026564,3.0,0.5,0.5,0.5,0.5,2.0,0.8,0.6,0.3,0.5,0.2,1.0,79.14632996822364,0.3,0.4,0.7
49,49.0,1.0,1.0,1.2,1.0,1.0,0.8,1.0,1.2,156.90846865600358,156.8473569320503,156.8473569320503,156.786245208097,234.6121865873332,234.5378662444583,234.46354590158336,1.0414936403959698,1.1026053643492562,0.7,1.0,1.0,230.9836995690863,39.360498727087155,39.360498727087155,39.360498727087155,39.360498727087155,1.0,1.2,1.2,156.90846865600358,234.6121865873332,1.0,230.9836995690863,39.360498727087155,39.360498727087155,3.0,0.5,0.5,0.5,0.5,2.0,0.8,0.6,0.3,0.5,0.2,1.0,88.83212310121185,0.3,0.4,0.7
50,50.0,1.0,1.0,1.2,1.0,1.0,0.8,1.0,1.2,177.17456532518557,177.1140647184718,177.1140647184718,177.05356411175805,264.85623302477376,264.78339908875637,264.7105651527389,1.0520099869892459,1.1125105937029993,0.7,1.0,1.0,259.3227820620943,44.34521126318653,44.34521126318653,44.34521126318653,44.34521126318653,1.0,1.2,1.2,177.17456532518557,264.85623302477376,1.0,259.3227820620943,44.34521126318653,44.34521126318653,3.0,0.5,0.5,0.5,0.5,2.0,0.8,0.6,0.3,0.5,0.2,1.0,99.69425072198747,0.3,0.4,0.7
51,51.0,1.0,1.0,1.2,1.0,1.0,0.8,1.0,1.2,199.9458602597996,199.88596465915296,199.88596465915296,199.82606905850633,298.8279733048637,298.75659604756663,298.6852187902695,1.0624280418168655,1.1223236424634815,0.7,1.0,1.0,291.1048415555572,49.93899255044002,49.93899255044002,49.93899255044002,49.93899255044002,1.0,1.2,1.2,199.9458602597996,298.8279733048637,1.0,291.1048415555572,49.93899255044002,49.93899255044002,3.0,0.5,0.5,0.5,0.5,2.0,0.8,0.6,0.3,0.5,0.2,1.0,111.87562574506984,0.3,0.4,0.7
52,52.0,1.0,1.0,1.2,1.0,1.0,0.8,1.0,1.2,225.5269729811905,225.46767633655034,225.46767633655034,225.4083796919102,336.9803279571487,336.91037824499756,336.8404285328464,1.0727481006264576,1.1320447452666076,0.7,1.0,1.0,326.74815182449396,56.21581866382108,56.21581866382108,56.21581866382108,56.21581866382108,1.0,1.2,1.2,225.5269729811905,336.9803279571487,1.0,326.74815182449396,56.21581866382108,56.21581866382108,3.0,0.5,0.5,0.5,0.5,2.0,0.8,0.6,0.3,0.5,0.2,1.0,125.5365222676212,0.3,0.4,0.7
53,53.0,1.0,1.0,1.2,1.0,1.0,0.8,1.0,1.2,254.25952389427636,254.20082021608258,254.20082021608258,254.14211653788882,379.8212344266421,379.75268370873397,379.68413299082584,1.082970524925178,1.1416742031189264,0.7,1.0,1.0,366.7218012460888,63.258652902966496,63.258652902966496,63.258652902966496,63.258652902966496,1.0,1.2,1.2,254.25952389427636,379.8212344266421,1.0,366.7218012460888,63.258652902966496,63.258652902966496,3.0,0.5,0.5,0.5,0.5,2.0,0.8,0.6,0.3,0.5,0.2,1.0,140.85668478290827,0.3,0.4,0.7
54,54.0,1.0,1.0,1.2,1.0,1.0,0.8,1.0,1.2,286.52662947479615,286.46851283338435,286.46851283338435,286.4103961919725,427.92033104924934,427.8531513456994,427.78597164214943,1.0930957344504126,1.1512123758622235,0.7,1.0,1.0,411.5518660520352,71.16053758430402,71.16053758430402,71.16053758430402,71.16053758430402,1.0,1.2,1.2,286.52662947479615,427.92033104924934,1.0,411.5518660520352,71.16053758430402,71.16053758430402,3.0,0.5,0.5,0.5,0.5,2.0,0.8,0.6,0.3,0.5,0.2,1.0,158.03769362675044,0.3,0.4,0.7
55,55.0,1.0,1.0,1.2,1.0,1.0,0.8,1.0,1.2,322.7579435521008,322.70040807710313,322.70040807710313,322.6428726021054,481.91645302354857,481.85061691406963,481.7847808045907,1.1031242004029462,1.1606596754006389,0.7,1.0,1.0,461.8283335465583,80.02581847362363,80.02581847362363,80.02581847362363,80.02581847362363,1.0,1.2,1.2,322.7579435521008,481.91645302354857,1.0,461.8283335465583,80.02581847362363,80.02581847362363,3.0,0.5,0.5,0.5,0.5,2.0,0.8,0.6,0.3,0.5,0.2,1.0,177.30561778639213,0.3,0.4,0.7
56,56.0,1.0,1.0,1.2,1.0,1.0,0.8,1.0,1.2,363.43531103115225,363.37835091090454,363.37835091090454,363.3213907906568,542.5260390263935,542.4615196391042,542.3970002518148,1.1130564393662508,1.1700165596139664,0.7,1.0,1.0,518.2128664003623,89.97151797277175,89.97151797277175,89.97151797277175,89.97151797277175,1.0,1.2,1.2,363.43531103115225,542.5260390263935,1.0,518.2128664003623,89.97151797277175,89.97151797277175,3.0,0.5,0.5,0.5,0.5,2.0,0.8,0.6,0.3,0.5,0.2,1.0,198.91398998296222,0.3,0.4,0.7
57,57.0,1.0,1.0,1.2,1.0,1.0,0.8,1.0,1.2,409.0991084571631,409.04271793811785,409.04271793811785,408.98632741907255,610.5525591039814,610.4893301044378,610.4261011048942,1.122893007843189,1.1792835268884274,0.7,1.0,1.0,581.4475101993906,101.12887513176392,101.12887513176392,101.12887513176392,101.12887513176392,1.0,1.2,1.2,409.0991084571631,610.5525591039814,1.0,581.4475101993906,101.12887513176392,101.12887513176392,3.0,0.5,0.5,0.5,0.5,2.0,0.8,0.6,0.3,0.5,0.2,1.0,223.14714317984325,0.3,0.4,0.7
58,58.0,1.0,1.0,1.2,1.0,1.0,0.8,1.0,1.2,460.35535486523173,460.29952825137696,460.29952825137696,460.2437016375221,686.8970879101262,686.8351234905736,686.7731590710207,1.1326344973482976,1.1884611112030836,0.7,1.0,1.0,652.3644588406138,113.64507275304793,113.64507275304793,113.64507275304793,113.64507275304793,1.0,1.2,1.2,460.35535486523173,686.8970879101262,1.0,652.3644588406138,113.64507275304793,113.64507275304793,3.0,0.5,0.5,0.5,0.5,2.0,0.8,0.6,0.3,0.5,0.2,1.0,250.3239524256801,0.3,0.4,0.7
59,59.0,1.0,1.0,1.2,1.0,1.0,0.8,1.0,1.2,517.8836864943603,517.8284181466441,517.8284181466441,517.7731497989278,772.5701624363732,772.5094373052116,772.4487121740498,1.142281530000001,1.1975498777162392,0.7,1.0,1.0,731.8970062884254,127.6851743167982,127.6851743167982,127.6851743167982,127.6851743167982,1.0,1.2,1.2,517.8836864943603,772.5701624363732,1.0,731.8970062884254,127.6851743167982,127.6851743167982,3.0,0.5,0.5,0.5,0.5,2.0,0.8,0.6,0.3,0.5,0.2,1.0,280.8020312750052,0.3,0.4,0.7
60,60.0,1.0,1.0,1.2,1.0,1.0,0.8,1.0,1.2,582.4463003137867,582.3915846495477,582.3915846495477,582.3368689853085,868.7050802826376,868.6455696540993,868.5860590255606,1.1518347545626688,1.2065504188017446,0.7,1.0,1.0,821.0918288178556,143.4342962173858,143.4342962173858,143.4342962173858,143.4342962173858,1.0,1.2,1.2,582.4463003137867,868.7050802826376,1.0,821.0918288178556,143.4342962173858,143.4342962173858,3.0,0.5,0.5,0.5,0.5,2.0,0.8,0.6,0.3,0.5,0.2,1.0,314.9824380117522,0.3,0.4,0.7
61,61.0,1.0,1.0,1.2,1.0,1.0,0.8,1.0,1.2,654.8979840592328,654.8438155516362,654.8438155516362,654.7896470440394,976.5728134747193,976.5144930587518,976.4561726427839,1.161294842893443,1.2154633504901282,0.7,1.0,1.0,921.1227593801405,161.10004389788512,161.10004389788512,161.10004389788512,161.10004389788512,1.0,1.2,1.2,654.8979840592328,976.5728134747193,1.0,921.1227593801405,161.10004389788512,161.10004389788512,3.0,0.5,0.5,0.5,0.5,2.0,0.8,0.6,0.3,0.5,0.2,1.0,353.31495360998633,0.3,0.4,0.7
62,62.0,1.0,1.0,1.2,1.0,1.0,0.8,1.0,1.2,736.1973647752541,736.1437379527334,736.1437379527334,736.0901111302126,1097.5987340958065,1097.5415800881585,1097.48442608051,1.1706624867532696,1.224289309273988,0.7,1.0,1.0,1033.3062353626697,180.91524394240037,180.91524394240037,180.91524394240037,180.91524394240037,1.0,1.2,1.2,736.1973647752541,1097.5987340958065,1.0,1033.3062353626697,180.91524394240037,180.91524394240037,3.0,0.5,0.5,0.5,0.5,2.0,0.8,0.6,0.3,0.5,0.2,1.0,396.3040008903047,0.3,0.4,0.7
63,63.0,1.0,1.0,1.2,1.0,1.0,0.8,1.0,1.2,827.4195238955355,827.36643334124,827.36643334124,827.3133427869443,1233.3813718427446,1233.3253609152496,1233.2693499877541,1.1799383949456217,1.2330289492411328,0.7,1.0,1.0,1159.1186230373646,203.14100808082844,203.14100808082844,203.14100808082844,203.14100808082844,1.0,1.2,1.2,827.4195238955355,1233.3813718427446,1.0,1159.1186230373646,203.14100808082844,203.14100808082844,3.0,0.5,0.5,0.5,0.5,2.0,0.8,0.6,0.3,0.5,0.2,1.0,444.51528276856135,0.3,0.4,0.7
64,64.0,1.0,1.0,1.2,1.0,1.0,0.8,1.0,1.2,929.7701448767621,929.7175852280096,929.7175852280096,929.6650255792568,1385.7134503581808,1385.6585596492357,1385.6036689402902,1.1891232907500617,1.2416829395026179,0.7,1.0,1.0,1300.215646688946,228.0701694286734,228.0701694286734,228.0701694286734,228.0701694286734,1.0,1.2,1.2,929.7701448767621,1385.7134503581808,1.0,1300.215646688946,228.0701694286734,228.0701694286734,3.0,0.5,0.5,0.5,0.5,2.0,0.8,0.6,0.3,0.5,0.2,1.0,498.5832269568991,0.3,0.4,0.7
65,65.0,1.0,1.0,1.2,1.0,1.0,0.8,1.0,1.2,1044.601379570247,1044.5493455179821,1044.5493455179821,1044.4973114657168,1556.6054791786214,1556.5516862838551,1556.4978933890884,1.198217909621068,1.2502519618860983,0.7,1.0,1.0,1458.454178112344,256.0311361831767,256.0311361831767,256.0311361831767,256.0311361831767,1.0,1.2,1.2,1044.601379570247,1556.6054791786214,1.0,1458.454178112344,256.0311361831767,256.0311361831767,3.0,0.5,0.5,0.5,0.5,2.0,0.8,0.6,0.3,0.5,0.2,1.0,559.219335090066,0.3,0.4,0.7
66,66.0,1.0,1.0,1.2,1.0,1.0,0.8,1.0,1.2,1173.4296421342628,1173.3781284225206,1173.3781284225206,1173.326614710778,1748.3122117705982,1748.2594947337273,1748.2067776968559,1.2072229971255133,1.2587367088678934,0.7,1.0,1.0,1635.9166732311944,287.3922134907929,287.3922134907929,287.3922134907929,287.3922134907929,1.0,1.2,1.2,1173.4296421342628,1748.3122117705982,1.0,1635.9166732311944,287.3922134907929,287.3922134907929,3.0,0.5,0.5,0.5,0.5,2.0,0.8,0.6,0.3,0.5,0.2,1.0,627.2215461523241,0.3,0.4,0.7
67,67.0,1.0,1.0,1.2,1.0,1.0,0.8,1.0,1.2,1317.9555646566514,1317.9045660820266,1317.9045660820266,1317.8535675074013,1963.3623178451562,1963.3106551490225,1963.2589924528886,1.2161393070948485,1.267137881719805,0.7,1.0,1.0,1834.9385774257414,322.5664503622206,322.5664503622206,322.5664503622206,322.5664503622206,1.0,1.2,1.2,1317.9555646566514,1963.3623178451562,1.0,1834.9385774257414,322.5664503622206,322.5664503622206,3.0,0.5,0.5,0.5,0.5,2.0,0.8,0.6,0.3,0.5,0.2,1.0,703.484737428554,0.3,0.4,0.7
68,68.0,1.0,1.0,1.2,1.0,1.0,0.8,1.0,1.2,1480.0863771056086,1480.03588851673,1480.03588851673,1479.985399927851,2204.591660441091,2204.5410309988797,2204.4904015566685,1.2249675999704315,1.2754561888491383,0.7,1.0,1.0,2058.1390602269703,362.01707542087524,362.01707542087524,362.01707542087524,362.01707542087524,1.0,1.2,1.2,1480.0863771056086,2204.591660441091,1.0,2058.1390602269703,362.01707542087524,362.01707542087524,3.0,0.5,0.5,0.5,0.5,2.0,0.8,0.6,0.3,0.5,0.2,1.0,789.0125011730927,0.3,0.4,0.7
69,69.0,1.0,1.0,1.2,1.0,1.0,0.8,1.0,1.2,1661.961006130941,1661.9110224279511,1661.9110224279511,1661.861038724961,2475.1806157064907,2475.130998853124,2475.081381999757,1.2337086413226055,1.2836923443125252,0.7,1.0,1.0,2308.455483848588,406.26359301979596,406.26359301979596,406.26359301979596,406.26359301979596,1.0,1.2,1.2,1661.961006130941,2475.1806157064907,1.0,2308.455483848588,406.26359301979596,406.26359301979596,3.0,0.5,0.5,0.5,0.5,2.0,0.8,0.6,0.3,0.5,0.2,1.0,884.9303519784139,0.3,0.4,0.7
70,70.0,1.0,1.0,1.2,1.0,1.0,0.8,1.0,1.2,1865.9782230184371,1865.9287391524772,1865.9287391524772,1865.8792552865168,2778.6959265104497,2778.6473019941504,2778.5986774778507,1.2423632005260699,1.2918470664860904,0.7,1.0,1.0,2589.1820591661426,455.88861995249187,455.88861995249187,455.88861995249187,455.88861995249187,1.0,1.2,1.2,1865.9782230184371,2778.6959265104497,1.0,2589.1820591661426,455.88861995249187,455.88861995249187,3.0,0.5,0.5,0.5,0.5,2.0,0.8,0.6,0.3,0.5,0.2,1.0,992.5005386539182,0.3,0.4,0.7
71,71.0,1.0,1.0,1.2,1.0,1.0,0.8,1.0,1.2,2094.8282112271463,2094.779222199846,2094.779222199846,2094.7302331725455,3119.1376406824706,3119.0899886564976,3119.0423366305236,1.2509320495758305,1.2999210768762508,0.7,1.0,1.0,2904.0131978597874,511.545552729522,511.545552729522,511.545552729522,511.545552729522,1.0,1.2,1.2,2094.8282112271463,3119.1376406824706,1.0,2904.0131978597874,511.545552729522,511.545552729522,3.0,0.5,0.5,0.5,0.5,2.0,0.8,0.6,0.3,0.5,0.2,1.0,1113.1386555406023,0.3,0.4,0.7
72,72.0,1.0,1.0,1.2,1.0,1.0,0.8,1.0,1.2,2351.527968941419,2351.4794698043925,2351.4794698043925,2351.430970667365,3500.9917515912925,3500.945052605839,3500.898353620384,1.2594159620295915,1.3079150990570074,0.7,1.0,1.0,3257.092131239174,573.9671663229293,573.9671663229293,573.9671663229293,573.9671663229293,1.0,1.2,1.2,2351.527968941419,3500.9917515912925,1.0,3257.092131239174,573.9671663229293,573.9671663229293,3.0,0.5,0.5,0.5,0.5,2.0,0.8,0.6,0.3,0.5,0.2,1.0,1248.432271868146,0.3,0.4,0.7
73,73.0,1.0,1.0,1.2,1.0,1.0,0.8,1.0,1.2,2639.4610125387276,2639.412998393071,2639.412998393071,2639.3649842474138,3929.289233818223,3929.2434688124786,3929.1977038067325,1.267815712063863,1.3158298577210046,0.7,1.0,1.0,3653.0654355790202,643.9752575388584,643.9752575388584,643.9752575388584,643.9752575388584,1.0,1.2,1.2,2639.4610125387276,3929.289233818223,1.0,3653.0654355790202,643.9752575388584,643.9752575388584,3.0,0.5,0.5,0.5,0.5,2.0,0.8,0.6,0.3,0.5,0.2,1.0,1400.1618243185821,0.3,0.4,0.7
74,74.0,1.0,1.0,1.2,1.0,1.0,0.8,1.0,1.2,2962.4219034747675,2962.3743694705677,2962.3743694705677,2962.326835466367,4409.672250840142,4409.627401134512,4409.582551428881,1.276132073632335,1.323666077832905,0.7,1.0,1.0,4097.14418152416,722.4914599260956,722.4914599260956,722.4914599260956,722.4914599260956,1.0,1.2,1.2,2962.4219034747675,4409.672250840142,1.0,4097.14418152416,722.4914599260956,722.4914599260956,3.0,0.5,0.5,0.5,0.5,2.0,0.8,0.6,0.3,0.5,0.2,1.0,1570.3240477447446,0.3,0.4,0.7
75,75.0,1.0,1.0,1.2,1.0,1.0,0.8,1.0,1.2,3324.6661845639933,3324.6191258998356,3324.6191258998356,3324.572067235677,4948.468406021697,4948.424453310179,4948.380500598661,1.284365819716211,1.3314244838747755,0.7,1.0,1.0,4595.172512296278,810.5493725457984,810.5493725457984,810.5493725457984,810.5493725457984,1.0,1.2,1.2,3324.6661845639933,4948.468406021697,1.0,4595.172512296278,810.5493725457984,810.5493725457984,3.0,0.5,0.5,0.5,0.5,2.0,0.8,0.6,0.3,0.5,0.2,1.0,1761.1582523940556,0.3,0.4,0.7
76,76.0,1.0,1.0,1.2,1.0,1.0,0.8,1.0,1.2,3730.9663828219145,3730.9197947443986,3730.9197947443986,3730.8732066668817,5552.774014066961,5552.730940409674,5552.687866752385,1.2925177216572286,1.3391057991742072,0.7,1.0,1.0,5153.704553198331,909.308162218224,909.308162218224,909.308162218224,909.308162218224,1.0,1.2,1.2,3730.9663828219145,5552.774014066961,1.0,5153.704553198331,909.308162218224,909.308162218224,3.0,0.5,0.5,0.5,0.5,2.0,0.8,0.6,0.3,0.5,0.2,1.0,1975.17579344851,0.3,0.4,0.7
77,77.0,1.0,1.0,1.2,1.0,1.0,0.8,1.0,1.2,4186.674815872035,4186.628693675294,4186.628693675294,4186.582571478552,6230.547488790965,6230.505276606824,6230.46306442268,1.300588548565018,1.3467107453068268,0.7,1.0,1.0,5780.09066455331,1020.0678182533688,1020.0678182533688,1020.0678182533688,1020.0678182533688,1.0,1.2,1.2,4186.674815872035,6230.547488790965,1.0,5780.09066455331,1020.0678182533688,1020.0678182533688,3.0,0.5,0.5,0.5,0.5,2.0,0.8,0.6,0.3,0.5,0.2,1.0,2215.193120702898,0.3,0.4,0.7
78,78.0,1.0,1.0,1.2,1.0,1.0,0.8,1.0,1.2,4697.794028455899,4697.748367481126,4697.748367481126,4697.702706506352,6990.714076203281,6990.672708262823,6990.631340322362,1.308579066791293,1.354240041565684,0.7,1.0,1.0,6482.574173174557,1144.2862604192844,1144.2862604192844,1144.2862604192844,1144.2862604192844,1.0,1.2,1.2,4697.794028455899,6990.714076203281,1.0,6482.574173174557,1144.2862604192844,1144.2862604192844,3.0,0.5,0.5,0.5,0.5,2.0,0.8,0.6,0.3,0.5,0.2,1.0,2484.3688433183106,0.3,0.4,0.7
79,79.0,1.0,1.0,1.2,1.0,1.0,0.8,1.0,1.2,5271.055785997632,5271.010581632606,5271.010581632606,5270.96537726758,7843.283311201281,7843.242770619632,7843.202230037981,1.316490039464113,1.36169440449076,0.7,1.0,1.0,7270.399855363348,1283.59852529062,1283.59852529062,1283.59852529062,1283.59852529062,1.0,1.2,1.2,5271.055785997632,7843.283311201281,1.0,7270.399855363348,1283.59852529062,1283.59852529062,3.0,0.5,0.5,0.5,0.5,2.0,0.8,0.6,0.3,0.5,0.2,1.0,2786.2452974267144,0.3,0.4,0.7
80,80.0,1.0,1.0,1.2,1.0,1.0,0.8,1.0,1.2,5914.009664786018,5913.964912464643,5913.964912464643,5913.920160143268,8799.480743614637,8799.44101384462,8799.401284074604,1.3243222260761316,1.369074547452512,0.7,1.0,1.0,8153.9355990807035,1439.8382834716404,1439.8382834716404,1439.8382834716404,1439.8382834716404,1.0,1.2,1.2,5914.009664786018,8799.480743614637,1.0,8153.9355990807035,1439.8382834716404,1439.8382834716404,3.0,0.5,0.5,0.5,0.5,2.0,0.8,0.6,0.3,0.5,0.2,1.0,3124.795163620404,0.3,0.4,0.7
81,81.0,1.0,1.0,1.2,1.0,1.0,0.8,1.0,1.2,6635.122404629638,6635.078099831477,6635.078099831477,6635.033795033315,9871.895667128712,9871.856731954096,9871.81779677948,1.332076382121364,1.3763811802839805,0.7,1.0,1.0,9144.808846379627,1615.0619708624936,1615.0619708624936,1615.0619708624936,1615.0619708624936,1.0,1.2,1.2,6635.122404629638,9871.895667128712,1.0,9144.808846379627,1615.0619708624936,1615.0619708624936,3.0,0.5,0.5,0.5,0.5,2.0,0.8,0.6,0.3,0.5,0.2,1.0,3504.4737478170664,0.3,0.4,0.7
82,82.0,1.0,1.0,1.2,1.0,1.0,0.8,1.0,1.2,7443.889331475743,7443.845469725563,7443.845469725563,7443.801607975383,11074.64679521398,11074.608638742857,11074.570482271733,1.3397532587755445,1.3836150089565349,0.7,1.0,1.0,10256.059611693681,1811.5758515385853,1811.5758515385853,1811.5758515385853,1811.5758515385853,1.0,1.2,1.2,7443.889331475743,11074.64679521398,1.0,10256.059611693681,1811.5758515385853,1811.5758515385853,3.0,0.5,0.5,0.5,0.5,2.0,0.8,0.6,0.3,0.5,0.2,1.0,3930.2776135218332,0.3,0.4,0.7
83,83.0,1.0,1.0,1.2,1.0,1.0,0.8,1.0,1.2,8350.959316325514,8350.915893192836,8350.915893192836,8350.872470060158,12423.568064372945,12423.530671031243,12423.493277689542,1.3473536026156439,1.3907767352948244,0.7,1.0,1.0,11502.312089717681,2031.9663683932179,2031.9663683932179,2031.9663683932179,2031.9663683932179,1.0,1.2,1.2,8350.959316325514,12423.568064372945,1.0,11502.312089717681,2031.9663683932179,2031.9663683932179,3.0,0.5,0.5,0.5,0.5,2.0,0.8,0.6,0.3,0.5,0.2,1.0,4407.810337092649,0.3,0.4,0.7
84,84.0,1.0,1.0,1.2,1.0,1.0,0.8,1.0,1.2,9368.274914917309,9368.231926015958,9368.231926015958,9368.188937114606,13936.417009893567,13936.3803644187,13936.343718943832,1.3548781553745568,1.3978670567269456,0.7,1.0,1.0,12899.967111257189,2279.134180960956,2279.134180960956,2279.134180960956,2279.134180960956,1.0,1.2,1.2,9368.274914917309,13936.417009893567,1.0,12899.967111257189,2279.134180960956,2279.134180960956,3.0,0.5,0.5,0.5,0.5,2.0,0.8,0.6,0.3,0.5,0.2,1.0,4943.356251354769,0.3,0.4,0.7
85,85.0,1.0,1.0,1.2,1.0,1.0,0.8,1.0,1.2,10509.229532429943,10509.186973417605,10509.186973417605,10509.144414405268,15633.108456354586,15633.072543789216,15633.036631223846,1.3623276537273736,1.4048866660662385,0.7,1.0,1.0,14467.417979784788,2556.3323383628367,2556.3323383628367,2556.3323383628367,2556.3323383628367,1.0,1.2,1.2,10509.229532429943,15633.108456354586,1.0,14467.417979784788,2556.3323383628367,2556.3323383628367,3.0,0.5,0.5,0.5,0.5,2.0,0.8,0.6,0.3,0.5,0.2,1.0,5543.963148037614,0.3,0.4,0.7
86,86.0,1.0,1.0,1.2,1.0,1.0,0.8,1.0,1.2,11788.843681508954,11788.801548086738,11788.801548086738,11788.759414664524,17535.97659827279,17535.94140395873,17535.906209644665,1.369702829106006,1.4118362513214822,0.7,1.0,1.0,16225.292529133581,2867.209089733149,2867.209089733149,2867.209089733149,2867.209089733149,1.0,1.2,1.2,11788.843681508954,17535.97659827279,1.0,16225.292529133581,2867.209089733149,2867.209089733149,3.0,0.5,0.5,0.5,0.5,2.0,0.8,0.6,0.3,0.5,0.2,1.0,6217.53502740625,0.3,0.4,0.7
87,87.0,1.0,1.0,1.2,1.0,1.0,0.8,1.0,1.2,13223.962653188863,13223.92094110087,13223.92094110087,13223.879229012879,19670.068919899335,19670.03442947155,19669.99993904377,1.3770044075392616,1.4187164955325828,0.7,1.0,1.0,18196.724587831028,3215.8558955172375,3215.8558955172375,3215.8558955172375,3215.8558955172375,1.0,1.2,1.2,13223.962653188863,19670.068919899335,1.0,18196.724587831028,3215.8558955172375,3215.8558955172375,3.0,0.5,0.5,0.5,0.5,2.0,0.8,0.6,0.3,0.5,0.2,1.0,6972.936115681768,0.3,0.4,0.7
88,88.0,1.0,1.0,1.2,1.0,1.0,0.8,1.0,1.2,14833.478202080254,14833.436907113142,14833.436907113142,14833.39561214603,22063.475822178596,22063.442021559367,22063.408220940142,1.384233109515753,1.425528076629141,0.7,1.0,1.0,20407.658422570636,3606.8612714737433,3606.8612714737433,3606.8612714737433,3606.8612714737433,1.0,1.2,1.2,14833.478202080254,22063.475822178596,1.0,20407.658422570636,3606.8612714737433,3606.8612714737433,3.0,0.5,0.5,0.5,0.5,2.0,0.8,0.6,0.3,0.5,0.2,1.0,7820.107519130118,0.3,0.4,0.7
89,89.0,1.0,1.0,1.2,1.0,1.0,0.8,1.0,1.2,16638.57716322057,16638.53628120313,16638.53628120313,16638.49539918569,24747.700294792812,24747.667170185967,24747.63404557913,1.391389649867291,1.432271667309545,0.7,1.0,1.0,22887.190167327637,4045.3711739736805,4045.3711739736805,4045.3711739736805,4045.3711739736805,1.0,1.2,1.2,16638.57716322057,24747.700294792812,1.0,22887.190167327637,4045.3711739736805,4045.3711739736805,3.0,0.5,0.5,0.5,0.5,2.0,0.8,0.6,0.3,0.5,0.2,1.0,8770.19804999874,0.3,0.4,0.7
90,90.0,1.0,1.0,1.2,1.0,1.0,0.8,1.0,1.2,18663.02027241091,18662.979799213645,18662.979799213645,18662.939326016378,27758.07249821303,27758.040036098322,27758.00757398362,1.3984747376706441,1.4389479349384757,0.7,1.0,1.0,25667.950731359564,4537.1567212728405,4537.1567212728405,4537.1567212728405,4537.1567212728405,1.0,1.2,1.2,18663.02027241091,27758.07249821303,1.0,25667.950731359564,4537.1567212728405,4537.1567212728405,3.0,0.5,0.5,0.5,0.5,2.0,0.8,0.6,0.3,0.5,0.2,1.0,9835.71094598321,0.3,0.4,0.7
91,91.0,1.0,1.0,1.2,1.0,1.0,0.8,1.0,1.2,20933.45485934198,20933.414790876686,20933.414790876686,20933.37472241139,31134.214711697052,31134.182898824638,31134.15108595223,1.405489076165761,1.4455575414609143,0.7,1.0,1.0,28786.53522519885,5088.690141976171,5088.690141976171,5088.690141976171,5088.690141976171,1.0,1.2,1.2,20933.45485934198,31134.214711697052,1.0,28786.53522519885,5088.690141976171,5088.690141976171,3.0,0.5,0.5,0.5,0.5,2.0,0.8,0.6,0.3,0.5,0.2,1.0,11030.66841406661,0.3,0.4,0.7
92,92.0,1.0,1.0,1.2,1.0,1.0,0.8,1.0,1.2,23479.765528581538,23479.7258608009,23479.7258608009,23479.686193020258,34920.56276599588,34920.53158938092,34920.500412765956,1.4124333626887444,1.4521011433309463,0.7,1.0,1.0,32283.984555925974,5707.2299501834095,5707.2299501834095,5707.2299501834095,5707.2299501834095,1.0,1.2,1.2,23479.765528581538,34920.56276599588,1.0,32283.984555925974,5707.2299501834095,5707.2299501834095,3.0,0.5,0.5,0.5,0.5,2.0,0.8,0.6,0.3,0.5,0.2,1.0,12370.79616414478,0.3,0.4,0.7
93,93.0,1.0,1.0,1.2,1.0,1.0,0.8,1.0,1.2,26335.46744341981,26335.428172316977,26335.428172316977,26335.388901214144,39166.9508228745,39166.92026979184,39166.88971670918,1.419308288618034,1.4585793914538139,0.7,1.0,1.0,36206.325529564485,6400.916468229321,6400.916468229321,6400.916468229321,6400.916468229321,1.0,1.2,1.2,26335.46744341981,39166.9508228745,1.0,36206.325529564485,6400.916468229321,6400.916468229321,3.0,0.5,0.5,0.5,0.5,2.0,0.8,0.6,0.3,0.5,0.2,1.0,13873.730360918236,0.3,0.4,0.7
94,94.0,1.0,1.0,1.2,1.0,1.0,0.8,1.0,1.2,29538.147388227,29538.108509835194,29538.108509835194,29538.06963144339,43929.26719720323,43929.23725518222,43929.20731316121,1.4261145393324128,1.464992931139835,0.7,1.0,1.0,40605.176568398834,7178.878954107223,7178.878954107223,7178.878954107223,7178.878954107223,1.0,1.2,1.2,29538.147388227,43929.26719720323,1.0,40605.176568398834,7178.878954107223,7178.878954107223,3.0,0.5,0.5,0.5,0.5,2.0,0.8,0.6,0.3,0.5,0.2,1.0,15559.249717558036,0.3,0.4,0.7
95,95.0,1.0,1.0,1.2,1.0,1.0,0.8,1.0,1.2,33129.958413747125,33129.91992413924,33129.91992413924,33129.88143453135,49270.189852303,49270.160509122405,49270.13116594182,1.432852794179592,1.47134240206894,0.7,1.0,1.0,45538.42701451478,8051.355743383284,8051.355743383284,8051.355743383284,8051.355743383284,1.0,1.2,1.2,33129.958413747125,49270.189852303,1.0,45538.42701451478,8051.355743383284,8051.355743383284,3.0,0.5,0.5,0.5,0.5,2.0,0.8,0.6,0.3,0.5,0.2,1.0,17449.535785521224,0.3,0.4,0.7
96,96.0,1.0,1.0,1.2,1.0,1.0,0.8,1.0,1.2,37158.17457490907,37158.13647019726,37158.13647019726,37158.09836548545,55260.01124773601,55259.98249141902,55259.95373510205,1.4395237264542493,1.4776284382647036,0.7,1.0,1.0,51070.998959264034,9029.828986681061,9029.828986681061,9029.828986681061,9029.828986681061,1.0,1.2,1.2,37158.17457490907,55260.01124773601,1.0,51070.998959264034,9029.828986681061,9029.828986681061,3.0,0.5,0.5,0.5,0.5,2.0,0.8,0.6,0.3,0.5,0.2,1.0,19569.464865955546,0.3,0.4,0.7
97,97.0,1.0,1.0,1.2,1.0,1.0,0.8,1.0,1.2,41675.813061559165,41675.775337894476,41675.775337894476,41675.73761422979,61977.56339461999,61977.535213429335,61977.50703223871,1.4461280033845145,1.4838516680768643,0.7,1.0,1.0,57275.70162440425,10127.175755894876,10127.175755894876,10127.175755894876,10127.175755894876,1.0,1.2,1.2,41675.813061559165,61977.56339461999,1.0,57275.70162440425,10127.175755894876,10127.175755894876,3.0,0.5,0.5,0.5,0.5,2.0,0.8,0.6,0.3,0.5,0.2,1.0,21946.935384276305,0.3,0.4,0.7
98,98.0,1.0,1.0,1.2,1.0,1.0,0.8,1.0,1.2,46742.33190941725,46742.294562989206,46742.294562989206,46742.257216561164,69511.25529228547,69511.22767471863,69511.20005715181,1.4526662861259962,1.4900127141714226,0.7,1.0,1.0,64234.18953865454,11357.837507704735,11357.837507704735,11357.837507704735,11357.837507704735,1.0,1.2,1.2,46742.33190941725,69511.25529228547,1.0,64234.18953865454,11357.837507704735,11357.837507704735,3.0,0.5,0.5,0.5,0.5,2.0,0.8,0.6,0.3,0.5,0.2,1.0,24613.23503619719,0.3,0.4,0.7
99,99.0,1.0,1.0,1.2,1.0,1.0,0.8,1.0,1.2,52424.412473201184,52424.375500237424,52424.375500237424,52424.33852727366,77960.23639904473,77960.20933382923,77960.18226861376,1.4591392297625305,1.4961121935275026,0.7,1.0,1.0,72038.03711936466,12738.010134549393,12738.010134549393,12738.010134549393,12738.010134549393,1.0,1.2,1.2,52424.412473201184,77960.23639904473,1.0,72038.03711936466,12738.010134549393,12738.010134549393,3.0,0.5,0.5,0.5,0.5,2.0,0.8,0.6,0.3,0.5,0.2,1.0,27603.45253689316,0.3,0.4,0.7
