step,timestamp,gene_ACE2,gene_TMPRSS2,gene_IFNB1,gene_ISG15,gene_MX1,gene_IL6,gene_TNF,gene_viral_spike,gene_viral_rep,gene_viral_nuc,protein_ACE2,protein_TMPRSS2,protein_IFNB1,protein_IL6,protein_TNF,protein_Spike,protein_Rep,protein_Nuc,metabolite_atp,metabolite_nucleotides,metabolite_amino_acids,pathway_viral_entry,pathway_viral_replication,pathway_interferon_response,pathway_inflammatory_response
0,0.0,1.0,0.8,0.5,0.3,0.3,0.2,0.2,0.0,0.0,0.0,1.0,0.8,0.5,0.2,0.2,0.0,0.0,0.0,3.0,2.0,2.0,0.0,0.0,0.5,0.2
1,1.0,1.0630833204599592,0.8514068514227877,0.5332014994613995,0.3204385639798185,0.32029740167027043,0.21364961343712402,0.21376074332661388,0.0,0.0002377159762826283,7.927371904804466e-05,0.9681582856617716,0.7745232731361031,0.4841383926236731,0.19368840128046164,0.19362893217641183,9.097383378203935e-05,0.00010114601873316301,0.0,2.930023247603129,1.965028279977539,1.9649862281305288,8.013773732391904e-05,0.0,3.043890559954225,2.3572014018059297
2,2.0,1.1296258431600525,0.9058180994787359,0.5684927678207912,0.3422706589577231,0.34193947298177413,0.22816590444249515,0.2284120463599707,0.0,0.0005453031493423334,6.104071967673666e-05,0.940905945334189,0.7528284769140495,0.4706459097656791,0.18831390391782094,0.18820694252607634,0.0001882927822385022,0.0003250736238805158,3.0520359838368333e-06,2.8625414714474156,1.9312465702469337,1.93122300310708,0.0004807832823714364,0.00015251908365545642,3.793676364608712,2.983260300686419
3,3.0,1.1998049836540883,0.9633688452797453,0.6059822636490836,0.3655297222691956,0.36499616404141877,0.24365344115984466,0.24404359175291887,0.0,0.0008744197385897428,4.7001328069301014e-05,0.9180720880137376,0.734713684996751,0.45944300647376846,0.18387225384135197,0.18372629987541136,0.00027879940430301266,0.0005451683185340289,4.2728490732822555e-06,2.7974215574571524,1.8986472203568998,1.8986414909594518,0.0010845776445172677,0.0002495791013886803,4.00719480875288,3.1532367412396294
4,4.0,1.2737523218098434,1.0241951315678386,0.6457878108478075,0.39030168059531933,0.38955272629916526,0.2601739542113358,0.2607176488411002,0.0,0.001226571218303989,3.61910071494879e-05,0.899481280506095,0.7200449816410529,0.4504522413348033,0.18033523187205017,0.18015853188380782,0.0003629705628230074,0.0007625272097087971,4.501445273642215e-06,2.734580840456548,1.8671888477130172,1.8672003317369907,0.001728973910221295,0.00028986557053325794,4.06196671469759,3.189970892803162
5,5.0,1.351595582786898,1.0884329849477972,0.6880309546009656,0.41667661203617834,0.41569854402733886,0.2777926387670049,0.2784999750012633,0.0,0.001603368122528712,2.786706633658269e-05,0.8849747825005038,0.7087025858949302,0.4436059037352429,0.17767892797261056,0.17747951310330196,0.00044124974024660246,0.000978228551516854,4.22926383922373e-06,2.6739395485509654,1.8368315181116703,1.8368596130873156,0.002361316681406462,0.00028815400627095,4.071379691483752,3.1904736531560953
6,6.0,1.4334573125376948,1.156217513197987,0.7328367055318983,0.4447488006979006,0.44352719132590923,0.29657828339564857,0.2974599441870284,0.0,0.0020065333458624862,2.1457635643154968e-05,0.874409176928188,0.7005798164628462,0.4388454501579009,0.17588356730922888,0.1756692892043173,0.0005140493752505458,0.0011933371070016647,3.7373180008686986e-06,2.615420701862078,1.8075366950463705,1.807580819590379,0.002962319812322671,0.0002629379686488801,4.0695416805301825,3.183957208983447
7,7.0,1.5194534386388363,1.2276818903999667,0.780333217730596,0.4746167678890135,0.4731364663058065,0.3166033936520959,0.31767066993955684,0.0,0.0024379099471225026,1.6522376222218434e-05,0.8676550441047295,0.6955820918273541,0.43612096767694375,0.17493335273567662,0.17471191772810152,0.0005817530358042133,0.0014089094153155331,3.180629151658202e-06,2.5589500148073014,1.7792671907883562,1.7793267838658355,0.003523218805620317,0.00022750449592870824,4.0667335172624455,3.1792412321542503
8,8.0,1.6096917213697925,1.3029562268027528,0.8306513937271701,0.50638327571903,0.5046283983101765,0.33794430841166373,0.3392091208417536,0.0,0.0028994694898688248,1.2722227780185782e-05,0.8645956728239437,0.6936259590784561,0.43539066008650185,0.1748163222664047,0.17459532391404275,0.0006447174401191239,0.0016259989901658465,2.639907754553956e-06,2.504455801799442,1.7519871191793723,1.752061639391651,0.004039003205743415,0.00018985679739182585,4.066043077105658,3.178973440029859
9,9.0,1.7042701030923302,1.3821663220190978,0.8839244093930546,0.5401552984781819,0.538109223622423,0.36068130667739057,0.36215622609524734,0.0,0.0033933209559785025,9.796114257757494e-06,0.8651258023779754,0.6946381453367565,0.43662035217073647,0.17552422012187463,0.1753111701661098,0.0007032743361319908,0.001845661474940927,2.152947598256867e-06,2.451868886246858,1.725661850076703,1.725750774974063,0.004506445251612783,0.0001542677620383275,4.068355886593402,3.1838961965644836
10,10.0,1.8032749675103101,1.4654323022112687,0.9402871517902112,0.5760439567586516,0.5736893246933618,0.3848987022759276,0.38659696858542447,0.0,0.003921720270789345,7.543007306726287e-06,0.8691503903582859,0.6985546261383392,0.4397830076939442,0.17705237993340264,0.1768547377262386,0.0007577322494239571,0.002068959779530649,1.7335073522381401e-06,2.401122512738614,1.700257965392627,1.7003607908110907,0.004923536684028118,0.00012269264000623107,4.073854612124049,3.194128615184806
11,11.0,1.906779324268464,1.5528671443824087,0.9998755631910625,0.6141644088632454,0.611483127506229,0.41068492352417196,0.41262046246177475,0.0,0.004487080480797542,5.808115227900526e-06,0.8765834020516126,0.7053197056894855,0.4448582567646126,0.17939961868655785,0.17922481911362326,0.0008083781087854856,0.0022969692235773375,1.3825153933050544e-06,2.352152262303159,1.675743216672494,1.6758594560938223,0.005289316891917905,9.575357346443585e-05,4.082472944850318,3.209554864220368
12,12.0,2.0148409385186303,1.6445750937553614,1.0628258848916592,0.6546356936481876,0.6516089512982933,0.43813257459201893,0.44032001190001047,0.0,0.005091982627496799,4.472248489343988e-06,0.8873466182875425,0.7148851045081323,0.4518319283143513,0.18256813996166085,0.18242361986765754,0.0008554787579917072,0.002530782710725598,1.0945971222493837e-06,2.304895970632945,1.6520864841575653,1.6522156680916582,0.0056037894660938324,7.33609416060205e-05,4.0940372058591326,3.229945665428698
13,13.0,2.1275004294537974,1.7406499834881342,1.129273795073194,0.6975805185760884,0.6941888044844913,0.4673384749090551,0.4697931473310605,0.0,0.005739187363694143,3.4436311967878245e-06,0.901368459719963,0.727209050655518,0.4606955835391761,0.18656344499734073,0.18645666809888836,0.0008992823617534932,0.002771515958382858,8.617777468565029e-07,2.259293649171188,1.6292577372806594,1.62939941266957,0.005867840486120293,5.508424368762561e-05,4.108315252796678,3.255000800899335
14,14.0,2.244779366265858,1.8411734696200837,1.1993534358689333,0.7431249864294517,0.7393481202977062,0.49840367256780205,0.5011416350234867,0.0,0.006431647361533682,2.651595938516454e-06,0.9185828267286897,0.7422553715331925,0.47144604628532716,0.19139425005870486,0.1913327303070886,0.0009400197132519543,0.0030203128075531266,6.754997774454194e-07,2.2152874089605925,1.6072279965444451,1.6073817261872547,0.006083138211921871,4.036356653798101e-05,4.125038109574875,3.2839184232238807
15,15.0,2.3666783943735545,1.9462131981197603,1.2731963260011332,0.7913982538736383,0.7872154253908332,0.53143342726777,0.5344714554948593,0.0,0.007172520564508676,2.0417288234409424e-06,0.9389279554000096,0.7599925840824345,0.4840849265339215,0.1970724085358907,0.19706373186889709,0.0009779054501455231,0.003278350637462633,5.276513009626613e-07,2.1728213871573683,1.5859692967339982,1.5861346587318206,0.006252014502370566,2.8623859711169106e-05,4.143913503390173,3.3164277453746926
16,16.0,2.493175428914519,2.0558209251432955,1.3509301568997019,0.8425321148834686,0.8379219344595805,0.5665371579292162,0.5698927458105345,0.0,0.007965184338947663,1.5721311648689293e-06,0.9623452913697698,0.7803929821769111,0.49861813335805966,0.20361283613224632,0.20366468053009212,0.0010131391854565422,0.003546845909955799,4.1102687784992307e-07,2.1318416761172565,1.5654546514169172,1.5656312386373266,0.006377334520717461,2.0213220608415553e-05,4.164636672050529,3.352285784798027
17,17.0,2.6242239561947107,2.170030616012428,1.4326774721312225,0.8966605019853566,0.8916010638672136,0.603828349691085,0.6075197004133862,0.0,0.008813250583825245,1.2105409796479006e-06,0.9887783846675418,0.803431721042878,0.5150553740026056,0.21103343742502878,0.21115359116041096,0.0010459065592957897,0.0038270598690017376,3.1947398202784656e-07,2.092296254963549,1.5456580186859337,1.5458454382461397,0.006462362608234196,1.5688893046407342e-05,4.186899735977313,3.3911193805435516
18,18.0,2.7597514868140545,2.2888565528551794,1.5185542322766308,0.9539188983459025,0.9483878573114963,0.6434244146042516,0.6474704247257972,0.0,0.009720581861274157,9.321165440710172e-07,1.018171810056234,0.8290858996673278,0.5334096360808309,0.21935503199654677,0.21955140994318528,0.00107638021696629,0.004120304421113742,2.4787443588109416e-07,2.054134923550221,1.5265542681005346,1.5267521408686444,0.006510631632125584,1.2154914318017632e-05,4.210399800785625,3.4325143468479986
19,19.0,2.899658206299809,2.412291485161106,1.608668270111727,1.0144436539900807,1.0084183168012317,0.6854464999514127,0.6898667353885474,0.0,0.010691308613863415,7.177297328527945e-07,1.0504701186827154,0.857333643350721,0.5536966503031542,0.22860127824171905,0.22888193607961677,0.0011047207185998552,0.004427948223045636,1.9204738124772903e-07,2.0173092387363596,1.5081191487856245,1.5083271088993615,0.006525821736713162,9.402880691375796e-06,4.234845711761882,3.4760479978692693
20,20.0,3.04381587003884,2.5403048614996186,1.7031176440669868,1.0783711998918566,1.0718286326388982,0.7300192377839674,0.7348339006657828,0.0,0.011729847538556834,5.526518906907e-07,1.0856168281000085,0.8881531898086136,0.5759343316601514,0.23879859286114957,0.23917173899041852,0.001131077385119071,0.004751423003788129,1.486224447206043e-07,1.9817724528909832,1.4903292586467363,1.4905469530490034,0.006511652751765505,7.264996093484856e-06,4.259963393931794,3.5213039222872347
21,21.0,3.192066988878234,2.672841184121982,1.8019889014552386,1.1458371543833086,1.1387543067726107,0.7772704289821275,0.7825003142696204,0.0,0.012840921191274987,4.2554195369387015e-07,1.123553458843975,0.9215219835004942,0.6001421975822425,0.24997606394963967,0.2504500688984975,0.0011555890849819415,0.005092230148644154,1.1490923785867421e-07,1.9474794545501952,1.4731620146627094,1.473389102653408,0.0064717928288960305,5.607475445230564e-06,4.285499786003355,3.5678805981926116
22,22.0,3.344224349760885,2.8098185308846513,1.905355266820619,1.216975317311899,1.2093291648215432,0.8273306549385112,0.8329970956638761,0.0,0.014029578900147069,3.276673030766783e-07,1.1642186266974057,0.9574157841327411,0.6263407622972326,0.2621653554917822,0.2627487585786662,0.001178384965854411,0.005451947574013089,8.877618500479866e-08,1.9143867111513346,1.4565956242181233,1.4568317770216583,0.006409784366486933,4.3244428259546225e-06,4.3112254516136375,3.615397302035971
23,23.0,3.500070912024989,2.9511272906539583,2.013274774918744,1.2919165486754225,1.2836842533300372,0.8803328098620253,0.8864576098188629,0.0,0.015301219069850673,2.5230382261748124e-07,1.2075472005010617,0.995807796507756,0.6545509074065987,0.2754006009828048,0.27610211396805856,0.001199585135065808,0.005832236922458297,6.854418768389722e-08,1.8824522137714343,1.4406090574390977,1.4408539577870199,0.006328987047588186,3.332590813055785e-06,4.336936008177293,3.663498366439412
24,24.0,3.659360114433891,3.096629158843138,2.125788372198076,1.3707875301138275,1.361946620400609,0.9364115467255554,0.9430168994363495,0.0,0.016661612963887174,1.9427394296986001e-07,1.2534695358249452,1.0366678300294392,0.6847932296008039,0.2897182838087795,0.290546791248743,0.0012193012924324067,0.006234851108668611,5.2896535389348244e-08,1.8516354237998305,1.425182020497338,1.4254353622255937,0.006232536894103913,2.5666649086366898e-06,4.362452548359382,3.711856154902139
25,25.0,3.8218166206060733,3.246156438773275,2.2429180150986223,1.453709409665102,1.444237979824109,0.9957026300684828,1.0028110228767426,0.0,0.018116930056215487,1.4959093582259566e-07,1.3019107949486326,1.0799614971782738,0.7170873674272522,0.3051571019511295,0.3061216579475369,0.0012376373187833437,0.006661642248050072,4.0804364086419175e-08,1.8218972214772327,1.4102949298485399,1.4105564175088177,0.0061233196288802035,1.975733481958533e-06,4.387621243633813,3.7601729389657166
26,26.0,3.9871375213692897,3.3995116919553805,2.3646647978686373,1.5407963326197323,1.5306732611884333,1.0583421892466247,1.0659762914330995,0.0,0.01967376504835006,1.1518502042675651e-07,1.3527903633792397,1.125649461086843,0.7514513101008417,0.32175781453227814,0.32286763555362713,0.001254689823289715,0.007114570000896635,3.146600039578191e-08,1.7931998562359257,1.3959288873724498,1.3961982358571288,0.006003956299446353,1.5201569295729538e-06,4.412312317600314,3.8081818234338565
27,27.0,4.154994001856541,3.5564677760289687,2.4910071467457766,1.632153864145128,1.6213590512172047,1.1244658663331384,1.1326484002443407,0.0,0.02133916665279844,8.869246563572939e-08,1.406021372532619,1.1736867429277604,0.7879006924895866,0.3395630676993999,0.34082752113950776,0.0012705486524806405,0.007595710366384338,2.4258203531129068e-08,1.7655068987780647,1.3820656563830227,1.382342590563249,0.005876799001498126,1.169154503754331e-06,4.436418563350328,3.855646860321034
28,28.0,4.32503346918983,3.71676830290037,2.6218991210522997,1.7278773125938953,1.716391934764863,1.194207853750645,1.2029614480596187,0.0,0.0231206682485424,6.829319848444715e-08,1.4615103372046172,1.22402210012228,0.8264480815932884,0.3586171973594008,0.36004578549297206,0.0012852973636282012,0.008107264962008375,1.869732814883367e-08,1.7387831948312287,1.3686876384782256,1.3689718928546548,0.005743934590303398,8.988685532128742e-07,4.459853558557833,3.9023624914967403
29,29.0,4.496882123757409,3.880128541624183,2.7572688647894257,1.8280499660361467,1.8158567474555243,1.2676998178934975,1.2770468422933747,0.0,0.02502632051912067,5.258576280037657e-08,1.519156915067955,1.2765974863463025,0.8671022610319896,0.3789660063390816,0.38056834533615247,0.0012990136649954328,0.008651570825531483,1.4408604873784037e-08,1.7129948205225323,1.3557778512000964,1.3560691695658618,0.0056071944306120836,6.908351142953638e-07,4.482549707790617,3.948152455735852
30,30.0,4.670147943867222,4.04623678088409,2.897017254445814,1.9327412585227193,1.9198247558596544,1.345069706514057,1.3550320873802373,0.0,0.027064726188710156,4.049103733693312e-08,1.5788537936678362,1.331347603916782,0.9098675212367442,0.40065651365907,0.402442307331147,0.001311769825266958,0.009231110778028774,1.1101972937330599e-08,1.6881090393146398,1.3433199064767016,1.3436180415921763,0.005468168464498831,5.307820252886594e-07,4.504456216599183,3.9928682871813246
31,31.0,4.8444240405062535,4.214756154780023,3.0410167897194125,2.042004886824853,2.0283517852905506,1.4264404395283936,1.4370394563802502,0.0,0.029245076976376298,3.117809873796183e-08,1.6404867082960302,1.3881995583632256,0.954742964146,0.4237366737880676,0.4257156817601896,0.0013236330543194765,0.00984852438819072,8.553147887416369e-09,1.6640942604490236,1.331297989818626,1.33160270309757,0.005328222135551667,4.0768839753608443e-07,4.525537078203378,4.036387520074044
32,32.0,5.019292326643624,4.3853269233477326,3.1891107734625725,2.155876902810192,2.1414763196798514,1.5119284851687527,1.523184548120719,0.0,0.031577192893313275,2.4007136021426094e-08,1.7039345917575337,1.4470726238183649,1.001721832209662,0.44825506399483833,0.4504370640312225,0.0013346658573383187,0.010506619579673186,6.588839970143617e-09,1.6409199988437042,1.3196968402435827,1.3200079014502748,0.005188514970329505,3.130510628448498e-07,4.545769132275862,4.07861170036404
33,33.0,5.19432743457813,4.557569186252505,3.341112825197336,2.2743738110787275,2.2592176024363955,1.6016423260867378,1.6135747349039398,0.0,0.03407156401235017,1.8485494732463693e-08,1.7690698544813965,1.5078781263083674,1.0507908723394583,0.47426053824842895,0.47665528250633715,0.001344926364145842,0.011208384924949669,5.075243917813664e-09,1.6185568363945708,1.3085017309036662,1.3088189178606349,0.00505001986613901,2.4031397141183305e-07,4.565140237037159,4.119464289722342
34,34.0,5.369100805806899,4.731085994920733,3.4968067688565516,2.397490705838908,2.3815737715540357,1.695680823093847,1.7083075089595798,0.0,0.036739394843177064,1.4233830941605048e-08,1.8357587907570099,1.5705194501139095,1.1019297460671083,0.5018018465408539,0.5044190115892275,0.0013544686354768386,0.01195700267081259,3.9090952153028606e-09,1.596976384631157,1.2976984503906466,1.2980215486966322,0.004913542357186958,1.8442529141488355e-07,4.583647580811242,4.1588885325001215
35,35.0,5.543184871264545,4.905466815568738,3.655946929895752,2.5251994850678594,2.508520066330541,1.7941314876997838,1.8074687393587832,0.0,0.039592651450547474,1.0960049823617674e-08,1.9038621041977812,1.6348921701554404,1.1551104975308946,0.5309272190279993,0.5337763495454411,0.0013633429478146655,0.012755862542371224,3.0107324768216854e-09,1.5761512486794629,1.2872732846955828,1.2876020874533696,0.004779739323797189,1.4149422423996835e-07,4.601296147229691,4.196845342033525
36,36.0,5.716157235925527,5.0802912837509275,3.8182588695792443,2.6574471835592157,2.6400071466845993,1.897068678438703,1.91113085499579,0.0,0.04264411145602572,8.439238363344749e-09,1.9732355429488826,1.7008843108934535,1.2102970909608024,0.5616839150089015,0.5647743611705819,0.0013715960582888446,0.013608576374084108,2.318723378564899e-09,1.556054992486078,1.277212999799846,1.2775473073536212,0.0046491367703086406,1.0852545828233709e-07,4.618097339123366,4.2333112498244665
37,37.0,5.887604780911125,5.255133180762104,3.983440575154236,2.7941544692868288,2.7759595689839025,2.004551740100445,2.019350973419283,0.0,0.04590741706653652,6.498213539276911e-09,2.0437306327667724,1.7683767296076316,1.2674450290341137,0.5941177374931437,0.5974585861685825,0.0013792714510298312,0.014518993618020459,1.7857064054597317e-09,1.5366621052594616,1.2675048248754601,1.267844444557364,0.004522146427747351,8.321393265621765e-08,4.634067759420049,4.268276449792004
38,38.0,6.057127598473027,5.429564554025523,4.151164113974826,2.935214349361573,2.9162744642855443,2.1166231093223233,2.1321689996698936,0.0,0.04939713127488415,5.003624424947634e-09,2.1151954940007207,1.8372436192198205,1.3265010627996978,0.6282725149396569,0.6318725149529012,0.0013864095662789486,0.015491217781140982,1.3751762566870125e-09,1.5179479690857767,1.2581364360734277,1.258481181958976,0.004399081040182629,6.378636274141427e-08,4.649228142664238,4.301742960081065
39,39.0,6.224342680448431,5.603159897925898,4.321077747715285,3.080491132492312,3.0608204657014264,2.23330641443249,2.2496057237329197,0.0,0.053128797378360834,3.852790807034424e-09,2.1874757267836347,1.9073531231552239,1.3874030028064055,0.6641895526820941,0.6680570345317096,0.0013930480134606276,0.016529623844891688,1.0590005820645389e-09,1.4998888276781708,1.2490959408794664,1.2494456335515318,0.00428016827239172,4.8878968335034625e-08,4.663602427694084,4.33372291681655
40,40.0,6.388887288745835,5.775500308731536,4.492808490013042,3.2298196940575425,3.209436931010931,2.3546046018235725,2.3716609495966674,0.0,0.05711900196135211,2.9666489213125984e-09,2.2604153474569837,1.9785680521969253,1.4500796396214244,0.7019070575754625,0.7060498481722435,0.0013992217693395892,0.017638876721777257,8.155028127662894e-10,1.4824617562198312,1.240371863017294,1.240726329338348,0.0041655632348500966,3.744319517119638e-08,4.677216960190843,4.364237007605392
41,41.0,6.550421946731532,5.946177527472537,4.6659650776887105,3.383005087461032,3.36193350445594,2.4804981253007465,2.4983116930377482,0.0,0.06138544148623345,2.284319669349094e-09,2.333857758458022,2.050746690980673,1.514450780108709,0.7414595404892875,0.7458848736420378,0.0014049633623070235,0.018823950804780037,6.27982755510217e-10,1.4656446322625336,1.2319531278802973,1.2323122007726255,0.0040553596637984855,2.8673060358748712e-08,4.690099812947389,4.3933130473743
42,42.0,6.708633002532761,6.114797787920979,4.840141312653735,3.5398225412431086,3.5180900577223735,2.61094323859048,2.629510488929613,0.0,0.06594699263356668,1.7589261453622753e-09,2.4076467336092633,2.1237436797908655,1.580427403695,0.7828772024114738,0.7875916259719236,0.0014103030437667375,0.02009015066646606,4.835754432395505e-10,1.4494161076437413,1.2238290484730958,1.2241925667067033,0.003949599822554356,2.1949187759569765e-08,4.702280211525723,4.42098469511997
43,43.0,6.863234728662929,6.280985393008206,5.014919719324583,3.7000178753779913,3.677657044356426,2.7458704342918496,2.7651838518631564,0.0,0.07082378652733658,1.354373131907295e-09,2.481627400969408,2.197410955731979,1.6479119404393177,0.8261853110848296,0.8311945918470165,0.0014152689475242714,0.021443132965312563,3.723711858362815e-10,1.4337555813866065,1.2159893118451461,1.2163571198330885,0.0038482832082565904,1.6795716318018304e-08,4.71378805328022,4.447290307167966
44,44.0,7.013970936375838,6.4443859518114035,5.189875451408699,3.863308362319949,3.8403562942832465,2.8851830747648775,2.9052309359395507,0.0,0.07603728697336577,1.042867311555777e-09,2.5556472061080355,2.2715987362210663,1.716798670115676,0.8714035762391813,0.8767126038706694,0.001419887238018778,0.02288892961713472,2.867372126546462e-10,1.4186431735484715,1.208423965999175,1.2087959136000501,0.003751374158329537,1.2847131636339429e-08,4.724653508350059,4.47227192041718
45,45.0,7.160616097139449,6.604669220209773,5.3645803728696535,4.029384048778062,4.005882265786989,3.0287562615400763,3.049522440505544,0.0,0.0816103728287116,8.030078298903351e-10,2.629556839809446,2.346156527113788,1.7869742388064753,0.9185455325643929,0.9241582240198205,0.001424182248178669,0.02443397228940618,2.2079483546694387e-10,1.4040596999846713,1.2011234072578125,1.201499349585168,0.003658808455163658,9.822743318442014e-09,4.7349066920458345,4.495974357631817
46,46.0,7.3029759769965,6.761531500908653,5.538607231201969,4.197909543117012,4.173903761473853,3.1764359895711793,3.1978998081231107,0.0,0.08756742460633085,6.183160290110442e-10,2.703211115733156,2.420934137652987,1.85831828678362,0.9676179405467669,0.9735371465709195,0.0014281766076273677,0.026085118275669412,1.7001654779472683e-10,1.3899866479956042,1.1940783680723979,1.1944581653108068,0.003570499027474156,7.507050908831434e-09,4.744577398979047,4.51844444599136
47,47.0,7.440887801833716,6.914697572150699,5.711533837225737,4.368526261022168,4.344066102679905,3.3280386308362857,3.3501747590003785,0.0,0.09393441540209083,4.761033423358278e-10,2.7764697853862117,2.495782684806062,1.9307041788285686,1.0186202161131632,1.0248476315730413,0.0014318913619146573,0.02784967780601793,1.3091559222746928e-10,1.3764061528261544,1.1872799052584728,1.1876634224860483,0.003486340843809171,5.7346435064914846e-09,4.7536948902421905,4.539730339698098
48,48.0,7.574219982297309,7.063922128444,5.882947164685406,4.540855109053353,4.515993743909533,3.4833507882624803,3.506129202307709,0.0,0.10073900620974077,3.6659957359700064e-10,2.8491982798141744,2.570555570404456,2.0039998257129974,1.0715439006422451,1.078079980527222,0.0014353460834018368,0.029735442847688146,1.0080680178315568e-10,1.3633009749876353,1.180719388643035,1.1811064956601562,0.0034062150887347923,4.378588827679803e-09,4.762287725895129,4.559880937366872
49,49.0,7.702871435968074,7.208990730420934,6.052447285086313,4.714499572449491,4.689293295691192,3.642129555608257,3.6655155591745308,0.0,0.10801064566309987,2.822816716687497e-10,2.9212683696087645,2.6451094157654094,2.0780685834236667,1.1263721832601872,1.1332160662483415,0.0014385589743849138,0.031750717446994654,7.762236870682556e-11,1.3506544783734642,1.1743884901091373,1.1747790612731706,0.00332999270608227,3.3415072820093833e-09,4.770383635919597,4.578945385095388
50,50.0,7.826770551264046,7.349720273934235,6.219651058341402,4.889049160602886,4.863556911271677,3.8041032117680134,3.828057524703101,0.0,0.11578067421276306,2.1735688718437944e-10,2.9925587370774704,2.719304940097107,2.15277021495133,1.1830794873926744,1.1902289288924086,0.0014415469629991753,0.03390434966003248,5.976993664451908e-11,1.3384506091407893,1.1682791730239261,1.1686730870897293,0.003257537386865226,2.5487115759553974e-09,4.778009423649235,4.596972656464109
51,51.0,7.945873842309167,7.4859590002169725,6.384195507682897,5.06408315159386,5.038365980429646,3.9689723690373135,3.993451287133472,0.0,0.12408243270629044,1.6736480313164147e-10,3.062955456646183,2.793007770887023,2.227961898140305,1.2416311332569563,1.249082449789981,0.0014443257924104387,0.036205765114589075,4.6023300242629094e-11,1.3266738753312581,1.1623836820366975,1.1627808220027085,0.003188708072468192,1.942934933721759e-09,4.785190896457074,4.614011201185127
52,52.0,8.060164346737135,7.617586079004554,6.545740817528758,5.239174566653948,5.213295062963667,4.136411584372679,4.161367211542065,0.0,0.1329513752952687,1.2887089841116783e-10,3.1323523817008074,2.866089176566783,2.3034992622582227,1.3019830873184672,1.3097311140086976,0.0014469101037629134,0.03866500223937271,3.543822407341472e-11,1.3153093272050604,1.156694533234022,1.1570947861937335,0.0031233610367586667,1.480280886837075e-09,4.791952819181923,4.630108654663897
53,53.0,8.169649819225425,7.7445108046804645,6.703972905074225,5.413894296952924,5.387915985649675,4.306071430877465,4.3314519834531335,0.0,0.14242518653886932,9.923059177648297e-11,3.2006514380596034,2.9384267139509417,2.3792374356174717,1.3640818086908812,1.3721198714615284,0.0014493135133207152,0.04129274918876685,2.7287610755075424e-11,1.3043425382632796,1.15120450463944,1.1516077616380727,0.0030613516040770864,1.1271122056130676e-09,4.79831888639964,4.645311601321528
54,54.0,8.27436077268139,7.86667145162431,6.858605529715923,5.587815299141887,5.561802020139419,4.477581014030179,4.5033311948883386,0.0,0.15254390251054786,7.640755566782295e-11,3.2677628260587572,3.0099047851802627,2.4550320867604762,1.4278642010272902,1.4361841048857553,0.0014515486842094708,0.044100382481633324,2.1011572559088662e-11,1.2937595869344611,1.1459066270456681,1.1463127829418598,0.003002535553737087,8.576617054361037e-10,4.804311710197775,4.659665385121862
55,55.0,8.374348416685246,7.984033838986305,7.009381918380578,5.760516772972865,5.734532055743792,4.650550904017892,4.676612342162748,0.0,0.16335003564121628,5.88338178641828e-11,3.3336051347963234,3.080415101087474,2.5307404423870774,1.4932576766522454,1.5018497111624787,0.0014536273931360132,0.04710000736095738,1.6178981605434996e-11,1.2835470389021513,1.1407941751676784,1.1412031285000144,0.002946770255795058,6.521978208996319e-10,4.8099528205973066,4.6732139613376225
56,56.0,8.46968253931652,8.096589657163697,7.156075898793463,5.931588234251369,5.905694680530588,4.824576442489137,4.850888191710264,0.0,0.17488870294737563,4.5302039755396524e-11,3.398105373393766,3.1498570499796195,2.606222266310491,1.5601803375572003,1.569033300268091,0.0014555605924376977,0.0503044998670767,1.2457860399193874e-11,1.2736919300509721,1.1358606591054183,1.1362723119636335,0.0028939155774591364,4.956164446159701e-10,4.815262676188555,4.685999784159588
57,57.0,8.56044937414263,8.204354608472626,7.298492546094246,6.100633399396314,6.074892086723399,4.999241369683454,5.02574045797887,0.0,0.18720775719504373,3.4882570611640956e-11,3.461198925191224,3.2181379727421007,2.681340785218111,1.6285412754814557,1.637642513706528,0.0014573584677882642,0.05372755060055868,9.592580582074188e-12,1.2641817500095844,1.1310998161053374,1.131514074006026,0.0028438345946125722,3.763602311454737e-10,4.820260682916036,4.698063725293169
58,58.0,8.646749489213379,8.307366413117647,7.436468360473379,6.267273803849562,6.241743721909896,5.174121706820839,5.200743726568838,0.0,0.20035792043850092,2.6859579370955014e-11,3.522829431594006,3.285173346873825,2.755963548811643,1.6982409906999674,1.7075764616397437,0.0014590304918642913,0.05738371013115476,7.386304735254489e-12,1.2550044262696454,1.1265056026102593,1.126922374376935,0.0027963941385159737,2.8558941734284916e-10,4.82496521926504,4.709445019192145
59,59.0,8.728695729645409,8.405682728826216,7.569871004242552,6.431152085204414,6.405889615786779,5.3487898194053605,5.375469546850747,0.0,0.214392919245501,2.068187611563031e-11,3.5829486128441337,3.350886883532082,2.8299632139263995,1.7691719264253485,1.7787262752028803,0.0014605854742549965,0.06128843598630726,5.687465788991843e-12,1.2461483088606042,1.1220721865875092,1.1224913842348618,0.0027514652038065197,2.1654578631023727e-10,4.829393666376654,4.720181231046915
60,60.0,8.806411240027055,8.49937902872314,7.698598635663714,6.591934872779834,6.566993322677541,5.5228185802045395,5.549490611774667,0.0,0.22936962077620993,1.5925044609032343e-11,3.641516033319354,3.4152105428834787,2.9032182443976433,1.8412191130011444,1.8509757677585648,0.0014620316078783524,0.06545814112602953,4.379355677516478e-12,1.2376021555608794,1.1177939401255552,1.1182154787477614,0.0027089232404014186,1.6406491844686756e-10,4.833562441853613,4.730308244073503
61,61.0,8.880027587621202,8.588546477459369,7.82257888375916,6.7493152379179415,6.7247444323375305,5.695785546495915,5.722384938835874,0.0,0.2453481687202816,1.2262284348953127e-11,3.6984988190852914,3.478084474018635,2.975613520669355,1.9142609134192154,1.9242021962145528,0.0014633765121480733,0.06991024378021418,3.3721082942830374e-12,1.229355117626645,1.1136654322897694,1.1140892299527094,0.0026686483488054047,1.2420226575265392e-10,4.83748703622127,4.739860263040461
62,62.0,8.949683002347868,8.673289840556068,7.941767513144147,6.903014672918974,6.878860615012577,5.867277064974951,5.893739965425082,0.0,0.26239211791372263,9.441958948692854e-12,3.753871335370034,3.539456886398122,3.0470408553498647,1.988169859237603,1.9982771111021638,0.0014646272731189134,0.07466321848911689,2.5965261728329563e-12,1.2213967260201088,1.109681422228236,1.1101073998654845,0.002630525395583643,9.394657517062428e-11,4.841182051180996,4.7488698313253055
63,63.0,9.015520744906196,8.75372545662984,8.056146830704705,7.052784580613874,7.029089180711262,6.036892219588955,6.063156474132702,0.0,0.2805685662531626,7.270308390492873e-12,3.807614831421861,3.599283860268283,3.1173994130399914,2.0628135638022176,2.073067281984185,0.001465790480821795,0.07973664814746678,1.999326908409406e-12,1.2137168781198016,1.1058368525188564,1.1062649338313124,0.0025944440633578762,7.10003280027516e-11,4.844661238941074,4.757367859112433
64,64.0,9.07768761022837,8.829979296846485,8.165723886819208,7.198407270485347,7.175208146561507,6.204246542429671,6.230252268901476,0.0,0.2999482822985806,5.598137460679142e-12,3.859717059877794,3.6575291037372586,3.1865960347341264,2.1380556978701355,2.148435683012289,0.0014668722639854747,0.08515127680691148,1.5394828253318826e-12,1.2063058248960048,1.1021268427493054,1.1025569541083362,0.0025602988475815235,5.3611582163547474e-11,4.847937542036339,4.765383660633289
65,65.0,9.136332569793678,8.902185130789476,8.270528522996452,7.339696470409201,7.317026819368636,6.36897541545102,6.394665530973722,0.0,0.3206058267053863,4.31056584472272e-12,3.910171877340245,3.7141636642573053,3.2545454688768163,2.2137570113617553,2.2242425221505067,0.001467878322327697,0.09092906293985407,1.185402472195222e-12,1.1991541585350411,1.0985466833216884,1.098978753675664,0.002527989010517151,4.0445230690683726e-11,4.851023133155369,4.772944998609596
66,66.0,9.191605553189703,8.970482813067695,8.370611315528606,7.476497375006,7.454385912570123,6.53073710080028,6.556057793958924,0.0,0.3426196653522233,3.319135700436364e-12,3.958978832356646,3.7691656021457147,3.3211705127134667,2.2897763840811045,2.3003462967672257,0.0014688139565859639,0.09709323280973045,9.12760342504808e-13,1.192252800496711,1.095091829474038,1.0955257902581355,0.002497418501247608,3.048447619303566e-11,4.853929454585565,4.78007813429428
67,67.0,9.243656366686565,9.035016700528534,8.466041461316308,7.608686261879434,7.587157227288566,6.6892153494639395,6.714116489540149,0.0,0.3660722717315586,2.5557344893359227e-12,4.006142746445802,3.8225196335208045,3.386402068882955,2.3659718878630436,2.3766048579950576,0.001469684096446152,0.10366833352797969,7.028257402448252e-13,1.1855929899897224,1.0917578955110554,1.0921936805602204,0.0024684958491728378,2.2955461148989605e-11,4.856667256964295,4.78680788171512
68,68.0,9.292633744468507,9.095934205956624,8.55690464770565,7.736169715401319,7.715242935830787,6.844121551151912,6.868557028750361,0.0,0.39105021584613486,1.9679155567886146e-12,4.0516732932353605,3.87421674965913,3.45017912325323,2.4422018427346908,2.4528764664637333,0.0014704933265161269,0.11068028530599026,5.411759941936706e-13,1.1791662728504786,1.0885406492367773,1.0889781947017325,0.0024411340372529826,1.726963765823567e-11,4.859246637090258,4.793157664915121
69,69.0,9.338684526511035,9.153384490662846,8.64330094326585,7.858883504033279,7.838574512599935,6.995196402249976,7.019124397750721,0.0,0.4176442365064532,1.5152949787272061e-12,4.095584580185047,3.9242538193216623,3.5124486507997563,2.5183258502949064,2.5290208227014666,0.0014712459104812034,0.11815643233083738,4.1670562527837273e-13,1.172964490811108,1.0854360065820987,1.0858752508482916,0.002415250360232286,1.2979722353250996e-11,4.861677074605123,4.799149577153551
70,70.0,9.381952955858507,9.207517295414796,8.725342741193725,7.976791161418158,7.957111361928064,7.1422110826311425,7.165594261003782,0.0,0.4459492935541776,1.1667771336199326e-12,4.137894736784992,3.972633180074822,3.5731654568810165,2.5942057885784937,2.604900056630206,0.0014719458135687247,0.1261255916064266,3.2086340060637145e-13,1.1669797711431156,1.082440026420334,1.082880910029721,0.0023907662721970244,9.746051080015496e-12,4.863967467402686,4.8048044411839355
71,71.0,9.422580087198584,9.258481906719194,8.803152781688459,8.089882323699593,8.070839194853356,7.284967945539334,7.30777357806894,0.0,0.4760645961463018,8.984183928873386e-13,4.178625512549733,4.019362224069201,3.632291961592407,2.669706754121922,2.680379662088396,0.0014725967234401193,0.13461809900661498,2.4706486202638093e-13,1.161204516663503,1.0795489055642309,1.0799913711398004,0.002367607227066145,7.310891612598941e-12,4.8661261656624015,4.810141869862071
72,72.0,9.460703298096362,9.306426253513111,8.876862274392694,8.19817087589173,8.179768207502024,7.423300737120362,7.445500752443715,0.0,0.5080936028288974,6.917821625232451e-13,4.217801887585729,4.064452983154103,3.6897979350017907,2.744697938712739,2.755329364127274,0.0014732020696205167,0.14366585168403806,1.9023997120278223e-13,1.1556313960906768,1.0767589739380914,1.0772029661110272,0.0023457025149690638,5.478843306093205e-12,4.868161004437452,4.815180326459161
73,73.0,9.496455893992405,9.351496127817382,8.946609137000717,8.301692958844232,8.28393111270114,7.557074373048691,7.578645341520502,0.0,0.5421439887125528,5.326722651428954e-13,4.255451698000541,4.107921717616367,3.7456601910123553,2.8190534303049,2.8296239088616475,0.0014737650415682859,0.15330234586798536,1.4648479511489755e-13,1.1502533347378994,1.0740666899188671,1.0745121552582608,0.0023249850969168746,4.101890361750534e-12,4.870079334755143,4.819937184164126
74,74.0,9.529966798037648,9.393834521807415,9.012536361509202,8.400504885695176,8.383381074003575,7.686184308769599,7.707107365527291,0.0,0.5783275746412335,4.1015764416002743e-13,4.291605277950137,4.14978851225121,3.7998622473884844,2.8926529297327304,2.903143767828803,0.0014742886054797113,0.16356270896723554,1.1279330313038681e-13,1.1450635055324694,1.0714686358403154,1.0719155227853414,0.0023053914397081743,3.06801112676387e-12,4.871888053210372,4.824428784355687
75,75.0,9.56136031698996,9.43358107301513,9.074790515412456,8.494681012964033,8.478189587733297,7.810555546950864,7.830816260096052,0.0,0.6167602128312691,3.158213860032199e-13,4.326295119690199,4.190076882912149,3.85239395914582,2.965382377073862,2.975775751036594,0.0014747755199173368,0.17448372477010976,8.685085027230468e-14,1.1400553203492294,1.068961513654513,1.0694097724489742,0.002286861352617694,2.292503281914585e-12,4.873593630051699,4.828670493310073
76,76.0,9.590755974691662,9.470871608941044,9.133520381471278,8.584311606899748,8.568444354248983,7.930141330739415,7.949729521795288,0.0,0.6575616230588184,2.431824672224786e-13,4.359555552609257,4.228813396155003,3.903251132074534,3.037134483717823,3.0474135250862697,0.001475228350344329,0.18610385040530975,6.687515903267588e-14,1.1352224216474027,1.0665421407452138,1.0669917233743798,0.002269337827084915,1.711382092360814e-12,4.875202135774874,4.832676757084947
77,77.0,9.61826840504907,9.505837782178498,9.188875736533298,8.669500740644569,8.654247174656584,8.044921574378687,8.06383109862124,0.0,0.7008551731063796,1.8725049976130813e-13,4.391422441876326,4.26602730409384,3.952435122660457,3.1078091683218423,3.1179580348682774,0.0014756494826414315,0.19846322359501056,5.14938751786512e-14,1.13055867440014,1.06420744588774,1.0646583060173962,0.0022527668803423084,1.2763600962379853e-12,4.876719266250913,4.8364611543852245
78,78.0,9.644007296913125,9.538606787186247,9.241006267250764,8.750364252457747,8.735711903935385,8.154901083785894,8.173129578203296,0.0,0.7467675968584184,1.44182884816207e-13,4.4219329070325415,4.301750196128785,3.9999524301153073,3.1773138968193515,3.187317829292258,0.0014760411356777368,0.21160365859832084,3.9650285603360604e-14,1.1260581583065314,1.0619544653502777,1.062406558267907,0.002237097403691133,9.510324230539686e-13,4.878150366425562,4.840036447272535
79,79.0,9.668077383788226,9.569301150048297,9.29006061840903,8.827027789887271,8.812962486104155,8.260107619012604,8.277656225551022,0.0,0.795428643182766,1.1102082130847924e-13,4.451125060593617,4.33601566878927,4.04581428564547,3.2455639284422624,3.255409293280216,0.0014764053730015009,0.22556862911133618,3.0530720995541143e-14,1.1217151602761992,1.0597803391316267,1.06023362168965,0.0022222810159402517,7.07980615673817e-13,4.879500452634389,4.843414629628128
80,80.0,9.690578471852557,9.598038582892368,9.336185567911949,8.8996249595676,8.886131091834292,8.36058984836582,8.377462919808973,0.0,0.8469706485710725,8.548603240752892e-14,4.479037766505506,4.368859014562794,4.090036243496294,3.3124824712908296,3.3221567897916984,0.0014767441137126013,0.2404032362629906,2.3508655847567364e-14,1.1175241671769287,1.0576823073306285,1.058136737891632,0.002208271922364473,5.265757064332825e-13,4.880774233583479,4.846606973319487
81,81.0,9.711605500339887,9.6249318950669,9.379525321226662,8.968295597402935,8.955356373967046,8.45641524062927,8.472620035974387,0.0,0.9015280264645433,6.582424495379722e-14,4.505710418106965,4.400316930248237,4.132637777720752,3.3780007523128712,3.387492716941778,0.0014770591425739246,0.25615415972787814,1.81016654316573e-14,1.1134798588361328,1.0556577066426653,1.0561132450265447,0.0021950267794084797,3.9131322804891087e-13,4.881976130049643,4.8496240720547785
82,82.0,9.731248628895633,9.650088953671752,9.420220917222093,9.033184169376677,9.020781851824674,8.547667937585715,8.563214313162838,0.0,0.9592366662898362,5.0684668614423827e-14,4.531182735096799,4.430427245083323,4.1736418880495485,3.4420580076272405,3.4513574863082934,0.0014773521194149553,0.2728695898730861,1.393828265266529e-14,1.1095771012872646,1.0537039669787809,1.0541605744117353,0.0021825045652562056,2.9055255139109465e-13,4.883110293356821,4.852475882937111
83,83.0,9.749593347068222,9.673612686575233,9.458409736793046,9.094438309180216,9.082554431098137,8.634446644184123,8.649346746060345,0.0,1.020233235506723,3.9027194833106327e-14,4.555494578877638,4.4592286686460545,4.213074717693945,3.5046013999451775,3.513699429306201,0.001477624587877114,0.2905991387715945,1.0732477812834449e-14,1.1058109402526068,1.0518186082031322,1.0522762472684444,0.0021706664562997453,2.1556329455460765e-13,4.884180622686964,4.855171765753031
84,84.0,9.766720601622197,9.695601121609315,9.494225105395417,9.152207495318752,9.140823062491185,8.7168625684842,8.731130530937683,0.0,1.084654378458648,3.005094002149186e-14,4.578685785548928,4.486760558317546,4.250965185399789,3.5655858704168866,3.5744746390446602,0.0014778779835469217,0.3093937278565502,8.264008023160295e-15,1.102176594854162,1.0499992369846314,1.0504578715751685,0.002159475709473457,1.598047341282804e-13,4.8851907812843285,4.857720520047557
85,85.0,9.782706937856268,9.716147456199405,9.52779598057994,9.206641867341798,9.195737539220373,8.79503743817923,8.808689092253623,0.0,1.152635806556069,2.3139223816548725e-14,4.600796015746622,4.5130627059160275,4.287344633596414,3.6249739325758266,3.633646755394064,0.0014781136415198425,0.3293054499661512,6.363286245418422e-15,1.0986694515446627,1.048243543758778,1.0487031390311572,0.0021488975503649384,1.1838185159003423e-13,4.886144211612076,4.860130420051826
86,86.0,9.797624651573916,9.735340152241992,9.559246715757938,9.257891178353603,9.247447430907412,8.86910161524498,8.882154210631667,0.0,1.2243112753473895,1.7817202338742514e-14,4.621864620472849,4.538175142965892,4.3222464940504075,3.682735416191503,3.6911867010981725,0.001478332803434659,0.3503874035461848,4.899730451550731e-15,1.0952850582509959,1.0465492997958297,1.0470098221261863,0.0021388990669727785,8.763515411042734e-14,4.8870441495193875,4.862409247539698
87,87.0,9.811541948783765,9.753263051582845,9.58869689172218,9.306103878959007,9.29610114933236,8.939192325247365,8.951664268013996,0.0,1.2998114453793894,1.3719245800831733e-14,4.6419305220229665,4.562137963948671,4.355705972043164,3.738847168798215,3.747072376696439,0.0014785366240154386,0.3726934968453463,3.772792474518547e-15,1.0920191187226074,1.0449143543715844,1.0453757713128895,0.002129449108949309,6.483170721432276e-14,4.887893637476121,4.86456432269701
88,88.0,9.824523110601001,9.769995507962946,9.616261207843761,9.351426326256622,9.341845139908497,9.005452013186376,9.017362621192513,0.0,1.379262625451454,1.0563819266640432e-14,4.661032109097291,4.584991166791547,4.387759749743042,3.793292722469372,3.801288321801018,0.0014787261771555633,0.39627822006668967,2.9050502222787065e-15,1.0888674870777124,1.0433366320371875,1.0437989122780582,0.0021205181921432957,4.793266307924758e-14,4.88869553693052,4.8666025330920455
89,89.0,9.836628661179516,9.78561253178394,9.642049425340748,9.394002110359063,9.384823191549069,9.06802683354283,9.079396110769636,0.0,1.462785398953567,8.134140835313131e-15,4.679207145178079,4.60677450978077,4.418445709136955,3.846061933082286,3.8538253499294544,0.0014789024615758793,0.4211963836365637,2.2368886818012418e-15,1.0858261625403889,1.0418141299844947,1.0422772433094458,0.0021120784082411586,3.541854184430052e-14,4.889452539843592,4.868530360838531
90,90.0,9.847915536828092,9.800184944496268,9.666166355539893,9.433971490150498,9.425175856774244,9.127065278479883,9.137913708957905,0.0,1.5504931364668566,6.263288443191111e-15,4.696492689256964,4.627527384039049,4.447802674620796,3.897150598893801,3.904680163654657,0.0014790664060867734,0.4475028210296793,1.7224042916943377e-15,1.0828912843618717,1.0403449155036462,1.040808832754735,0.0021041033392946284,2.6158067373298466e-14,4.89016717945178,4.870353908043686
91,91.0,9.858437254754135,9.813779539829588,9.688711886607175,9.47147092953454,9.463039973403802,9.182716944956068,9.19306530650664,0.0,1.6424904007062027,4.8227321012571546e-15,4.712925028011899,4.6472887006752295,4.475870175121145,3.946560064748264,3.953854956323708,0.0014792188744819049,0.4752520549545448,1.3262513088302904e-15,1.0800591269196025,1.0389271235296273,1.039391816569439,0.002096567976916675,1.93098125085847e-14,4.8908418403072575,4.872078920633521
92,92.0,9.868244080137032,9.826459249465914,9.709781042788183,9.506632725231148,9.498548278947602,9.235131438830734,9.24500063644244,0.0,1.7388712531910346,3.713503717968009e-15,4.728539618554244,4.666096791698694,4.502688225429511,3.994296817689505,4.001357006039485,0.001479360670089377,0.5044979261653212,1.0212135104614833e-15,1.077326094987813,1.037558954274699,1.0380243959506281,0.0020894486459251934,1.4248531205607512e-14,4.89147876764297,4.873710810646418
93,93.0,9.877383190462083,9.838283311101529,9.729464070761422,9.539584717202592,9.531829108794646,9.284457411867551,9.293868330206868,0.0,1.83971747571847,2.8593978628353667e-15,4.743371040894133,4.683989323787752,4.528297126272238,4.04037207916858,4.047198267014341,0.0014794925400043262,0.5352931847304424,7.863344047325027e-16,1.074688719173636,1.0362386709436933,1.0367048350534758,0.002082722932214569,1.0510044159061226e-14,4.892080076107085,4.875254677083833
94,94.0,9.885898836247446,9.849307437155044,9.747846548255348,9.570450072982291,9.563006169468618,9.330841725834828,9.339815100134999,0.0,1.9450967237357975,2.2017363543832323e-15,4.757452959304623,4.701003224008717,4.552737282511072,4.084801398446931,4.091394962810898,0.0014796151790252288,0.56768904425896,6.054774927006383e-16,1.0721436515129552,1.0349645975292727,1.0354314587877238,0.0020763696146381826,7.75005191767761e-15,4.892647757909183,4.876715325404292
95,95.0,9.893832497472713,9.859583982657613,9.765009510605175,9.59934713750724,9.592198378523559,9.374428736621228,9.382985040999687,0.0,2.0550606329947714,1.6953369928750888e-15,4.770818091800862,4.717174616598541,4.57604903876827,4.127604251205609,4.133967185396009,0.0014797292333146683,0.6017347003631701,4.662176700451565e-16,1.069687661220398,1.033735116684357,1.0342026506912734,0.0020703686006896937,5.713390510819506e-15,4.893183690418161,4.878097285743701
96,96.0,9.90122303517105,9.869162111108997,9.78102959142236,9.626389340480483,9.61951976306276,9.41535969038481,9.423519042500503,0.0,2.1696429053176933,1.3054094845138183e-15,4.7834981869889015,4.732538769947108,4.598272531693075,4.168803646797562,4.174938503362232,0.0014798353038038468,0.637476815517347,3.5898760635413953e-16,1.0673176305880805,1.0325486676690132,1.0330168508781985,0.0020647008657770933,4.211107344209719e-15,4.8936896432494565,4.879404829941493
97,97.0,9.908106837779188,9.87808795730208,9.795979174014255,9.651685153784818,9.64507940934667,9.453772223182508,9.46155430405316,0.0,2.2888574037840463,1.00516530307564e-15,4.7955240075787104,4.747130052944158,4.6194475580304815,4.208425747031509,4.21433558212594,0.001479933949358783,0.6749589734492054,2.764204571568899e-16,1.0650305510278941,1.0314037443692063,1.0318725540585814,0.0020593483958906544,3.103386678157477e-15,4.894167284876932,4.880641987448504
98,98.0,9.914517961953383,9.886404786310752,9.809926550621494,9.67533809200754,9.668981456485916,9.489799955236588,9.497223942985258,0.0,2.4126962919952124,7.739772833682428e-16,4.80692531989682,4.760981899888952,4.639613457615753,4.246499498859818,4.252187818399503,0.0014800256897248734,0.7142211072593967,2.1284375217725276e-16,1.062823519252314,1.0302988933848929,1.0307683076276506,0.002054294133473776,2.2868454805520753e-15,4.894618188802578,4.881812560188674
99,99.0,9.920488267656422,9.894153148003888,9.822936086935169,9.697446749697816,9.691325127772053,9.523572170936315,9.530656687219945,0.0,2.541128256103307,5.95962508193547e-16,4.817730888775201,4.774126783197137,4.658809010396631,4.2830562828643215,4.28852699076167,0.0014801110082653377,0.7552989065851119,1.6388968928134657e-16,1.0606937335888795,1.0292327121850304,1.0297027098218026,0.002049521926314047,1.6850907213748035e-15,4.895043839315028,4.88292013644292
