step,timestamp,gene_CD3E,gene_CD4,gene_CD8A,gene_ZAP70,gene_LCK,gene_NFATC1,gene_IL2,gene_IFNG,gene_PD1,gene_CTLA4,protein_CD3,protein_CD4,protein_CD8,protein_ZAP70,protein_LCK,protein_NFAT,protein_IL2,protein_IFNG,protein_PD1,protein_CTLA4,metabolite_atp,metabolite_calcium,metabolite_camp,pathway_tcr_signaling,pathway_activation,pathway_effector_function,pathway_checkpoint_inhibition
0,0.0,1.5,1.0,0.5,1.0,1.2,0.8,0.3,0.3,0.5,0.3,1.5,1.0,0.5,1.0,1.2,0.8,0.3,0.3,0.5,0.3,3.0,0.1,0.05,0.5,0.3,0.3,0.1
1,0.5,1.56375,1.045,0.52375,1.045,1.2528,0.8368000000000001,0.31455,0.31455,0.52375,0.31455,1.46409375,0.976125,0.48809375,0.976125,1.17132,0.7809200000000001,0.29286375,0.29286375,0.48809375,0.29286375,2.95,0.1225,0.07375000000000001,3.7432519363383525,3.62840575400513,3.727294131871419,2.985488667959621
2,1.0,1.6297109296875,1.091789875,0.5485659296875001,1.091789875,1.3075924608,0.8751388288000002,0.3297827914875,0.3297827914875,0.5485659296875001,0.3297827914875,1.4316318357421876,0.954613496875,0.4774032107421875,0.954613496875,1.1454438115199999,0.7637524707200001,0.2864651322871875,0.2864651322871875,0.4774032107421875,0.2864651322871875,2.90125,0.1444375,0.09690625000000001,3.737047008376085,3.621059249681982,3.706222222323428,2.9720359046843092
3,1.5,1.6979166876001606,1.1404193430942373,0.5744896032758056,1.1404193430942373,1.364423093622295,0.9150664303916329,0.34572814761406856,0.34572814761406856,0.5744896032758056,0.34572814761406856,1.4024981611450822,0.9353933056086059,0.46789529028697324,0.9353933056086059,1.1222821982845572,0.7484415079437909,0.28078507936317987,0.28078507936317987,0.46789529028697324,0.28078507936317987,2.85371875,0.1658265625,0.11948359375,3.7314498834421195,3.6143958061262316,3.68692334049382,2.9597437487478064
4,2.0,1.768397916590013,1.1909375288584316,0.6015638919182359,1.1909375288584316,1.4233359964113605,0.9566330190510661,0.3624169152345087,0.3624169152345087,0.6015638919182359,0.3624169152345087,1.3765832010025785,0.9183970785496364,0.4595396230705805,0.9183970785496364,1.1017514882806134,0.7349352580228781,0.27580624827588357,0.27580624827588357,0.4595396230705805,0.27580624827588357,2.80737578125,0.1866808984375,0.14149650390625002,3.7265230596702335,3.608484512194904,3.669527177118821,2.9487086726416036
5,2.5,1.841181656462514,1.243392744313136,0.6298326909338486,1.243392744313136,1.484373369438527,0.9998889363379256,0.37988103089399367,0.37988103089399367,0.6298326909338486,0.37988103089399367,1.3537835823640123,0.9035620432299829,0.4523084591903977,0.9035620432299829,1.083773248102546,0.7231857185301823,0.2715129616344392,0.2715129616344392,0.4523084591903977,0.2715129616344392,2.76219138671875,0.20701387597656248,0.16295909130859376,3.7223257791333824,3.6033906549845502,3.6541519364484802,2.939019982801633
6,3.0,1.9162909898251697,1.29783225394574,0.6593408793876963,1.29783225394574,1.547575216410962,1.044884493729767,0.3981535344505279,0.3981535344505279,0.6593408793876963,0.3981535344505279,1.334001677991441,0.8908297474171273,0.44617655821557023,0.8908297474171273,1.0682739661076928,0.7131485449469174,0.26789115191398044,0.26789115191398044,0.44617655821557023,0.26789115191398044,2.718136602050781,0.2268385290771484,0.18388511402587893,3.7189129611414113,3.5991745373244233,3.6409023500600277,2.9307582900616005
7,3.5,1.9937446835280026,1.3543020238461176,0.6901342713809223,1.3543020238461176,1.612979031979263,1.0916698003900709,0.4172685799880771,0.4172685799880771,0.6901342713809223,0.4172685799880771,1.317145211180069,0.8801458106424238,0.4411210870893148,0.8801458106424238,1.0551847436017896,0.7047828627093233,0.26492830881798335,0.26492830881798335,0.4411210870893148,0.26492830881798335,2.6751831869995115,0.2461675658502197,0.20428798617523194,3.7163341937843115,3.595890362881082,3.629867872899423,2.9239941002630427
8,4.0,2.073556828388922,1.412846455179455,0.722259558387296,1.412846455179455,1.6806194767902023,1.140294575644156,0.4372614436482546,0.4372614436482546,0.722259558387296,0.4372614436482546,1.3031268713307886,0.871459681489789,0.43712152169453145,0.871459681489789,1.0444409933414551,0.6980510839649611,0.2626134294682905,0.2626134294682905,0.43712152169453145,0.2626134294682905,2.6333036073245237,0.2650133767039642,0.22418078652085116,3.714632821389385,3.5935852306431197,3.621121118616144,2.918786572966712
9,4.5,2.1557364802055763,1.473508102408862,0.7557642419582518,1.473508102408862,1.7505280415008795,1.1908079458301464,0.45816852798016056,0.45816852798016056,0.7557642419582518,0.45816852798016056,1.2918639397693885,0.8647243999755211,0.4341595516587612,0.8647243999755211,1.0359821447119044,0.6929187284124667,0.26093697119438003,0.26093697119438003,0.4341595516587612,0.26093697119438003,2.5924710171414107,0.2833880422863651,0.24357626685782988,3.7138451628557823,3.5922982775682994,3.614716585154895,2.915182491857273
10,5.0,2.2402873053554093,1.5363273768899823,0.7906965561090507,1.5363273768899823,1.822732701455519,1.2432582253023927,0.48002736237901106,0.48002736237901106,0.7906965561090507,0.48002736237901106,1.2832779254148043,0.8598963643989946,0.4322189879785494,0.8598963643989946,1.029751355012697,0.6893542476244032,0.2598908066941363,0.2598908066941363,0.4322189879785494,0.2598908066941363,2.5526592417128753,0.301303341229206,0.2624868601863841,3.7139998908987044,3.592060002728047,3.6106897128246462,2.9132154836332673
11,5.5,2.327207234570497,1.601342236689573,0.8271053786952897,1.601342236689573,1.8972575640235183,1.297692681493602,0.5028765991547989,0.5028765991547989,0.8271053786952897,0.5028765991547989,1.2772942100083267,0.8569351020962842,0.43128567304700416,0.8569351020962842,1.0256952263626502,0.6873288522805231,0.2594681813382994,0.2594681813382994,0.43128567304700416,0.2594681813382994,2.5138427606700535,0.31877075769847585,0.2809246886817245,3.715117595350379,3.5928917986647417,3.6090563060727634,2.912905513244786
12,6.0,2.4164881287358355,1.668587863729022,0.8650401310927207,1.668587863729022,1.974122510903472,1.3541572840902718,0.5267560047426514,0.5267560047426514,0.8650401310927207,0.5267560047426514,1.2738417027263063,0.8558030435846955,0.431347392671972,0.8558030435846955,1.0237635278171044,0.6868163417687537,0.2596636723899507,0.2596636723899507,0.431347392671972,0.2596636723899507,2.475996691653302,0.33580148875601395,0.2989015714646814,3.717210545287016,3.5948057063828993,3.609812337516547,2.9142586727798356
13,6.5,2.508115460791021,1.738096329620554,0.9045506655053522,1.738096329620554,2.0533428380083665,1.4126964385445118,0.5517064455371218,0.5517064455371218,0.9045506655053522,0.5517064455371218,1.2728525041097665,0.8564652996459746,0.43239378967600717,0.8564652996459746,1.0239089223764584,0.6877929356439288,0.2604731499088812,0.2604731499088812,0.43239378967600717,0.2604731499088812,2.4390967743619694,0.3524064515371136,0.31642903217806434,3.720282655485796,3.597804400086501,3.6129341391269003,2.9172672697454827
14,7.0,2.6020680180072775,1.8098962518463795,0.945687139248289,1.8098962518463795,2.1349288958567834,1.4733527043343557,0.5777698678037418,0.5777698678037418,0.945687139248289,0.5777698678037418,1.27426157935446,0.8588894409598353,0.43441627867341404,0.8588894409598353,1.026086698654055,0.6902371064700913,0.2618937391085307,0.2618937391085307,0.43441627867341404,0.2618937391085307,2.40311935500292,0.36859629024868573,0.33351830637361274,3.7243296532508126,3.6018813972066437,3.6183789715962678,2.921910208664481
15,7.5,2.6983176290559596,1.8840124422264606,0.9884998753840053,1.8840124422264606,2.2188857336978014,1.5361664985942267,0.6049892710932192,0.6049892710932192,0.9884998753840053,0.6049892710932192,1.278006441113136,0.863045279967505,0.4374079616243435,0.863045279967505,1.0302545070637974,0.6941294136114424,0.26392378393043464,0.26392378393043464,0.4374079616243435,0.26392378393043464,2.368041371127847,0.3843813829924686,0.3501803487142724,3.7293394326759217,3.607021479206093,3.6260859496460474,2.9281536485546407
16,8.0,2.796828920372387,1.960465549925463,1.0330392091350347,1.960465549925463,2.3052127508866533,1.6011757859669218,0.6334086745571906,0.6334086745571906,1.0330392091350347,0.6334086745571906,1.2840268420667889,0.8689046547172663,0.44136354377150216,0.8689046547172663,1.036372100482774,0.6994523375800433,0.2665628115978427,0.2665628115978427,0.44136354377150216,0.2665628115978427,2.3338403368496508,0.3997718484176569,0.3664258399964156,3.7352925755638418,3.6132012998037495,3.635977289074944,2.935951908670002
17,8.5,2.8975591063418493,2.0392717015595134,1.0793553195537346,2.0392717015595134,2.393903359296734,1.668415755777434,0.6630730755400287,0.6630730755400287,1.0793553195537346,0.6630730755400287,1.2922644776219956,0.8764412145203908,0.4462792495717704,0.8764412145203908,1.0444010794410536,0.706190114595477,0.26981149790645126,0.26981149790645126,0.4462792495717704,0.26981149790645126,2.3004943284284094,0.41477755220721546,0.3822651939965052,3.7421630119941875,3.6203901501990043,3.6479598313449904,2.9452485864438396
18,9.0,3.000457817785219,2.120442141273582,1.1274980460021766,2.120442141273582,2.48494466079331,1.7379184878956737,0.6940283997994996,0.6940283997994996,1.1274980460021766,0.6940283997994996,1.3026626991855264,0.8856302073262108,0.4521527382432363,0.8856302073262108,1.0543046419888338,0.714328571063095,0.2736716330061162,0.2736716330061162,0.4521527382432363,0.2736716330061162,2.2679819702176993,0.42940811340203505,0.3977085641465926,3.749918789255612,3.628550845973421,3.661926793913693,2.9559778453100165
19,9.5,3.1054669730929376,2.2039828739648164,1.1775166890835917,2.2039828739648164,2.5783171439969497,1.8097126089376094,0.7263214426908333,0.7263214426908333,1.1775166890835917,0.7263214426908333,1.3151662385535734,0.8964482688090206,0.4589830185581643,0.8964482688090206,1.0660473384893159,0.7238549577333805,0.2781460874230812,0.2781460874230812,0.4589830185581643,0.2781460874230812,2.2362824209622567,0.44367291056698416,0.4127658500429278,3.758522915665157,3.637640697774096,3.6777596896286675,2.968065826232567
20,10.0,3.2125206961427293,2.289894315119406,1.2294597957724194,2.289894315119406,2.6739944047216544,1.883822940749751,0.7599998006348125,0.7599998006348125,1.2294597957724194,0.7599998006348125,1.329720944029463,0.9088732132465548,0.4667703625245666,0.9088732132465548,1.0795948316828914,0.7347577833654553,0.28323877806779746,0.28323877806779746,0.4667703625245666,0.28323877806779746,2.2053753604382003,0.45758108780280954,0.4274467037918546,3.767934245640685,3.6476125276001903,3.6953303563880304,2.981432135391751
21,10.5,3.321545284834139,2.3781709510032956,1.2833749286139366,2.3781709510032956,2.7719428945753237,1.9602701434267635,0.7951117921817283,0.7951117921817283,1.2833749286139366,0.7951117921817283,1.3462735289488434,0.9228838263593094,0.4755162176136867,0.9228838263593094,1.09491366246313,0.7470266477828515,0.28895463396895077,0.28895463396895077,0.4755162176136867,0.28895463396895077,2.1752409764272453,0.4711415606077393,0.44176053619705824,3.778108374059293,3.6584156943003943,3.7145030388301947,2.9959913614267757
22,11.0,3.4324592336798263,2.468801013192481,1.3393084190076594,2.468801013192481,2.8721217022501566,2.0390703554220497,0.8317063679804826,0.8317063679804826,1.3393084190076594,0.8317063679804826,1.3647713333433968,0.938459660371156,0.48522311720819383,0.938459660371156,1.1119710218962273,0.7606520742792602,0.2952995614700153,0.2952995614700153,0.48522311720819383,0.2952995614700153,2.145859952016564,0.48436302159254585,0.45571652279213176,3.788998511095256,3.669997095385336,3.735136466783238,3.0116545786385385
23,11.5,3.5451733134094483,2.561766171638404,1.3973051047519185,2.561766171638404,2.974482371999983,2.120234833621347,0.8698330089668103,0.8698330089668103,1.3973051047519185,0.8698330089668103,1.3851620995114633,0.9555808316435583,0.4958945889665821,0.9555808316435583,1.1307345301014156,0.7756253414058308,0.3022804086206848,0.3022804086206848,0.4958945889665821,0.3022804086206848,2.11721345321615,0.4972539460527322,0.46932360972232845,3.800556312983563,3.6823021170205688,3.7570858801839977,3.0283307972183255
24,12.0,3.6595907099693683,2.6570412506295695,1.4574080522106856,2.6570412506295695,3.0789687636932888,2.2037695965539075,0.9095416120977095,0.9095416120977095,1.4574080522106856,0.9095416120977095,1.4073937622851243,0.9742278213271196,0.5075350608235202,0.9742278213271196,1.151172022688677,0.791938314249387,0.3099049284920933,0.3099049284920933,0.5075350608235202,0.3099049284920933,2.0892831168857464,0.5098225974014139,0.48259051947927023,3.812732649074311,3.6952755096168155,3.780204956697308,3.0459283274343534
25,12.5,3.7756072246453662,2.7545939721233124,1.5196582636679772,2.7545939721233124,3.1855169586389582,2.2896750742081258,0.9508823629819084,0.9508823629819084,1.5196582636679772,0.9508823629819084,1.4314142547870021,0.9943812795638465,0.5201497643740436,0.9943812795638465,1.1732513455202171,0.8095832753921208,0.31818174114203635,0.31818174114203635,0.5201497643740436,0.31818174114203635,2.062051038963603,0.5220770324663786,0.49552575649228847,3.8254782907229186,3.7088621723149466,3.8043476058172185,3.0643560313032308
26,13.0,3.893111536303663,2.8543847309731873,1.5840943706597042,2.8543847309731873,3.2940552151020244,2.377945768191282,0.9939055947898535,0.9939055947898535,1.5840943706597042,0.9939055947898535,1.4571713304552436,1.0160218338599838,0.533744635421834,1.0160218338599838,1.196940158621757,0.8285527558272968,0.32712029395468084,0.32712029395468084,0.533744635421834,0.32712029395468084,2.0354997629895126,0.5340251066547191,0.5081376125799812,3.8387445126465987,3.723007835468281,3.8293696013117744,3.0835244421449017
27,13.5,4.011985525948343,2.9563664065597823,1.6507523143169105,2.9563664065597823,3.4045039770564216,2.468569926218552,1.0386616328725733,1.0386616328725733,1.6507523143169105,1.0386616328725733,1.48461240208119,1.0391299023309792,0.5483262115086651,1.0391299023309792,1.2222057501170795,0.8488393661913958,0.33673082007876115,0.33673082007876115,0.5483262115086651,0.33673082007876115,2.0096122689147746,0.5456744789883512,0.5204341722654817,3.852483602085753,3.737659635626975,3.8551300320187414,3.103346739167505
28,14.0,4.132104662943665,3.0604842152385956,1.719665014016643,3.0604842152385956,3.5167759392602775,2.5615292351263266,1.0852006245781944,1.0852006245781944,1.719665014016643,1.0852006245781944,1.513684398550722,1.0636855125953952,0.563901526283648,1.0636855125953952,1.2490148610927325,0.8704356287599841,0.347024294689278,0.347024294689278,0.563901526283648,0.347024294689278,1.9843719621919051,0.5570326170136424,0.5324233179588447,3.8666492752381116,3.752766582291895,3.8814925588159706,3.1237395705265114
29,14.5,4.253338451363245,3.1666756078419023,1.7908620259153107,3.1666756078419023,3.6307761711884914,2.6567985367706086,1.1335723538291798,1.1335723538291798,1.7908620259153107,1.1335723538291798,1.5443336399072671,1.089668127161673,0.5804780006173483,1.089668127161673,1.2773335223178082,0.8933338107412502,0.3580123888005436,0.3580123888005436,0.5804780006173483,0.3580123888005436,1.9597626631371075,0.5681068015883013,0.5441127350098736,3.8811970038617476,3.7682799196819876,3.9083264727632914,3.1446237239085932
30,15.0,4.375550934022182,3.274870216207493,1.8643691932317488,3.274870216207493,3.7464023017215653,2.754345571284207,1.1838260401138097,1.1838260401138097,1.8643691932317488,1.1838260401138097,1.5765057312624584,1.1170564762087767,0.5980633304172747,1.1170564762087767,1.3071269037449569,0.9175257594862929,0.3697074203633616,0.3697074203633616,0.5980633304172747,0.3697074203633616,1.9357685965586797,0.5789041315485938,0.5555099166346267,3.896084257621046,3.784153389886114,3.9355075557179737,3.165924648448491
31,15.5,4.498601250842179,3.384989852352853,1.9402082904499782,3.384989852352853,3.8635447657759205,2.8541307522181527,1.2360101216532424,1.2360101216532424,1.9402082904499782,1.2360101216532424,1.61014547597039,1.1458283987071591,0.6166653711576604,1.1458283987071591,1.338359177702107,0.943002740317432,0.3821223023865246,0.3821223023865246,0.6166653711576604,0.3821223023865246,1.9123743816447127,0.5894315282598789,0.566622168718761,3.9112706696867017,3.800343406052089,3.9629187500246714,3.1875728356197546
32,16.0,4.622344247313894,3.496948563467837,2.018396663920823,3.496948563467837,3.982087113278944,2.956106978075274,1.2901720226317583,1.2901720226317583,2.018396663920823,1.2901720226317583,1.6451968083547177,1.1759606928584971,0.636292019197798,1.1759606928584971,1.3709933966489753,0.9697552777534423,0.39527048783299235,0.39527048783299235,0.636292019197798,0.39527048783299235,1.889565022103595,0.5996957400533819,0.577456614500792,3.9267181343511934,3.8168091457590863,3.9904506481141224,3.2095040696388315
33,16.5,4.746631127976209,3.61065274536353,2.0989468716522306,3.61065274536353,4.10190638005418,3.060219484649911,1.3463579045234377,1.3463579045234377,2.0989468716522306,1.3463579045234377,1.6816027461363872,1.2074289768496604,0.6569510900292138,1.2074289768496604,1.4049913863178811,0.9977730009820179,0.4091659110544287,0.4091659110544287,0.6569510900292138,0.4091659110544287,1.8673258965510051,0.6097033465520474,0.5880201991382722,3.9423908460680535,3.8335125755163144,4.018001816019944,3.2316595599319204
34,17.0,4.8713101490496555,3.7260013163937007,2.181866325384749,3.7260013163937007,4.222873519303243,3.1664057424112517,1.4046124017142458,1.4046124017142458,2.181866325384749,1.4046124017142458,1.7193053625558092,1.24020756091702,0.6786501936623719,1.24020756091702,1.440313654984568,1.0270444944931982,0.4238229255445634,0.4238229255445634,0.6786501936623719,0.4238229255445634,1.84564274913723,0.6194607628882463,0.5983196941598153,3.9582552894667264,3.8504184175427665,4.045478966999768,3.2539859694196647
35,17.5,4.996227343660967,3.8428859531645476,2.2671569383447463,3.8428859531645476,4.344853891468242,3.2745954029039397,1.4649783418047109,1.4649783418047109,2.2671569383447463,1.4649783418047109,1.758245778019543,1.2742693317002827,0.7013966074378719,1.2742693317002827,1.4769193195220458,1.0575571548411369,0.439256237812453,0.439256237812453,0.7013966074378719,0.439256237812453,1.8245016804087992,0.6289742438160401,0.6083617018058199,3.9742801896391082,3.8674940697283766,4.072797002723046,3.2764353528853754
36,18.0,5.121227272496288,3.961191388577628,2.35481478234656,3.961191388577628,4.46770780935062,3.3847102977855386,1.527496451185162,1.527496451185162,2.35481478234656,1.527496451185162,1.7983641709309732,1.3095856498297092,0.7251971466246423,1.3095856498297092,1.514766048779709,1.0892970545437186,0.4554808372014594,0.4554808372014594,0.7251971466246423,0.4554808372014594,1.8038891383985793,0.6382498877206391,0.6181526592606744,3.9904364314407763,3.8847094890719953,4.099878939984635,3.2989650196292826
37,18.5,5.246153792238304,4.080795771921802,2.444829758168099,4.080795771921802,4.591291134469489,3.496664493675138,1.592205046702504,1.592205046702504,2.444829758168099,1.592205046702504,1.839599807190382,1.3461262616362688,0.7500580332476127,1.3461262616362688,1.5538100247024609,1.122248814158411,0.472511921508949,0.472511921508949,0.7500580332476127,0.472511921508949,1.7837919099386148,0.6472936405276231,0.6276988427791576,4.006696955791411,3.902037048042115,4.126655740753541,3.321537334097626
38,19.0,5.370850833791137,4.201571089857218,2.537185283344382,4.201571089857218,4.715455919785673,3.610364405452253,1.6591397144839046,1.6591397144839046,2.537185283344382,1.6591397144839046,1.8818910876756414,1.3838592258008857,0.7759847636688416,1.3838592258008857,1.5940059214619797,1.156395483586797,0.49036481829559914,0.49036481829559914,0.7759847636688416,0.49036481829559914,1.7641971121901494,0.6561112995144325,0.6370063717096787,4.023036640075047,3.9194513723046405,4.153066062704219,3.3441194673282935
39,19.5,5.49516318208652,4.3233836462344595,2.631858001701505,4.3233836462344595,4.840051093117748,3.7257089700240824,1.7283329772472111,1.7283329772472111,2.631858001701505,1.7283329772472111,1.9251756128440223,1.422750855666703,0.8029819755279372,1.422750855666703,1.6353069027168243,1.191718433658059,0.5090549018119994,0.5090549018119994,0.8029819755279372,0.5090549018119994,1.7450921843853957,0.6647085170265716,0.6460812124169367,4.039432168797409,3.936929167184447,4.17905594633185,3.3666831109804574
40,20.0,5.61893724920205,4.446094597783545,2.728817519080979,4.446094597783545,4.964923174853684,3.842589881878697,1.7998139517083707,1.7998139517083707,2.728817519080979,1.7998139517083707,1.9693902634318725,1.4627656778279565,0.8310533147285648,1.4627656778279565,1.6776646369523252,1.2281972590221235,0.5285975055141087,0.5285975055141087,0.8310533147285648,0.5285975055141087,1.726464879775761,0.6730908041009074,0.6549291821065133,4.055861899706589,3.9544490391346994,4.204578453439667,3.3892041645056277
41,20.5,5.742021832609801,4.569560541810522,2.8280261697728113,4.569560541810522,5.0899170229353725,3.960891890971049,1.8736079979899687,1.8736079979899687,2.8280261697728113,1.8736079979899687,2.014471296075524,1.5038664074818218,0.8602013032364568,1.5038664074818218,1.7210293306780933,1.2658096933452936,0.5490078301881525,0.5490078301881525,0.8602013032364568,0.5490078301881525,1.7083032577813668,0.6812635339983847,0.6635559525538505,4.072305729663723,3.971991317425277,4.229593270307623,3.4116624047477995
42,21.0,5.864268850609453,4.69363415117469,2.9294388181768527,4.69363415117469,5.214876597580305,4.080493162659801,1.9497363632388072,1.9497363632388072,2.9294388181768527,1.9497363632388072,2.060354452536984,1.5460139408870979,0.8904272085290553,1.5460139408870979,1.7653497790836963,1.304531537744524,0.570300847759715,0.570300847759715,0.8904272085290553,0.570300847759715,1.6905956763368326,0.689231945648425,0.6719670537400042,4.0887449636893365,3.989537880261408,4.254066287293081,3.4340411459909133
43,21.5,5.985534047378784,4.818164851008058,3.0330027001384883,4.818164851008058,5.3396457378193665,4.201265698540224,2.028215821970069,2.028215821970069,3.0330027001384883,2.028215821970069,2.1069750810946046,1.5891673651179445,0.9217309156060648,1.5891673651179445,1.8105734335749957,1.3443366033208033,0.592491200920981,0.592491200920981,0.9217309156060648,0.592491200920981,1.6733307844284118,0.6970011470072144,0.6801678773965041,4.105162189826538,4.007071988626792,4.277969165044952,3.456326897247992
44,22.0,6.10567766058607,4.942999530901013,3.138657308250176,4.942999530901013,5.464068941683272,4.323075816118582,2.109058315966124,2.109058315966124,3.138657308250176,2.109058315966124,2.1542682685545262,1.6332839851345726,0.954110802532016,1.6332839851345726,1.8566464854383278,1.3851966685577277,0.615593098774085,0.615593098774085,0.954110802532016,0.615593098774085,1.6564975148177015,0.704576118332034,0.6881636804615915,4.12154116176387,4.0245781303238175,4.301278895986319,3.4785090224401753
45,22.5,6.224565045140475,5.067983285633626,3.2463343251695234,5.067983285633626,5.587992141770097,4.445784684364964,2.192270596863701,2.192270596863701,3.2463343251695234,2.192270596863701,2.202168981255312,1.6783193680186845,0.9875636205346533,1.6783193680186845,1.9035139647106638,1.4270814522389654,0.6396202087569732,0.6396202087569732,0.9875636205346533,0.6396202087569732,1.640085076947259,0.7119617153737332,0.6959595884500517,4.137866690552305,4.0420418759619245,4.323977368276194,3.500579408066155
46,23.0,6.342067247391575,5.192960176997998,3.3559576086741303,5.192960176997998,5.71126346797618,4.569248911284542,2.27785387485752,2.27785387485752,3.3559576086741303,2.27785387485752,2.2506122133773356,1.7242274040427001,1.0220843797247738,1.7242274040427001,1.951119853174535,1.4699586024091307,0.6645855451905626,0.6645855451905626,1.0220843797247738,0.6645855451905626,1.6240829500235776,0.7191626724893899,0.7035605987388004,4.15412454623168,4.059449748023188,4.346050938125725,3.5225321420247138
47,23.5,6.458061524908969,5.317774008848462,3.467443231751748,5.317774008848462,5.833733989371793,4.693321178782394,2.3658034772243792,2.3658034772243792,3.467443231751748,2.3658034772243792,2.299533140831193,1.7709603840617767,1.0576662415323288,1.7709603840617767,1.999407210250103,1.513793701758234,0.6905013548616439,0.6905013548616439,1.0576662415323288,0.6905013548616439,1.608480876272988,0.7261836056771551,0.7109715837703304,4.17030136974811,4.076789103607855,4.367490015134115,3.5443632064292157
48,24.0,6.572431807856869,5.4422691072449645,3.5806995805122304,5.4422691072449645,5.955258427546624,4.817850919285477,2.4561085206213633,2.4561085206213633,3.5806995805122304,2.4561085206213633,2.3488672789860554,1.818469092539812,1.0943004189685182,1.818469092539812,2.0483183104262634,1.5585502896524592,0.7173790001340957,0.7173790001340957,1.0943004189685182,0.7173790001340957,1.5932688543661633,0.7330290155352263,0.7181972941760721,4.18638459518926,4.094048031025367,4.388288664232905,3.566070186541501
49,24.5,6.685069098905069,5.566291097428849,3.6956275121084396,5.566291097428849,6.075695834229629,4.9426850278474515,2.548751601327087,2.548751601327087,3.6956275121084396,2.548751601327087,2.398550642509379,1.8667029153485426,1.1319760858228032,1.8667029153485426,2.097794790760691,1.6041899008660225,0.7452288401605681,0.7452288401605681,1.1319760858228032,0.7452288401605681,1.5784371330070093,0.7397032901468455,0.7252423618216703,4.202362382081954,4.111215260040514,4.408444226885331,3.5876519973481606
50,25.0,6.7958718095646455,5.689687669393713,3.8121205741725976,5.689687669393713,6.194910226590734,5.067668602817287,2.6437085077671045,2.6437085077671045,3.8121205741725976,2.6437085077671045,2.4485199056230265,1.9156099613159583,1.1706802958859779,1.9156099613159583,2.147777806887425,1.6506721208931536,0.7740601108467173,0.7740601108467173,1.1706802958859779,0.7740601108467173,1.563976204681834,0.7462107078931745,0.7321113027761286,4.218223557278298,4.128280085301438,4.427956963376762,3.6091086287963545
51,25.5,6.9047460317827,5.812309323987145,3.9300652865210775,5.812309323987145,6.312771174342679,5.192645707618251,2.740947959785259,2.740947959785259,3.9300652865210775,2.740947959785259,2.4987125611364425,1.965137196349839,1.210397913254706,1.965137196349839,2.1982081959016204,1.6979546575389521,0.803880804299013,0.803880804299013,1.210397913254706,0.803880804299013,1.5498767995647882,0.7525554401958451,0.7388085202067254,4.233957565794658,4.1452323022575985,4.446829717345569,3.6304409102893818
52,26.0,7.011605744554741,5.934010091797962,4.049341485065542,5.934010091797962,6.429154333561754,5.317460145774932,2.840431379183267,2.840431379183267,4.049341485065542,2.840431379183267,2.549067076693489,2.015230588827296,1.2511115547186094,2.015230588827296,2.2490266444455833,1.7459934283063778,0.834697548563644,0.834697548563644,1.2511115547186094,0.834697548563644,1.5361298795756684,0.7587415541909489,0.7453383072015572,4.249554429854522,4.162062154713349,4.4650676031317795,3.651650294703437
53,26.5,7.116372956197113,6.05464821754006,4.169822727005455,6.05464821754006,6.543941923016062,5.441956241054155,2.9421126960431856,2.9421126960431856,4.169822727005455,2.9421126960431856,2.5995230467637422,2.065835264824433,1.2928015451578152,2.065835264824433,2.3001738602987056,1.7947426629174128,0.8665154885365414,0.8665154885365414,1.2928015451578152,0.8665154885365414,1.5227266325862767,0.7647730153361751,0.7517048495215183,4.265004715314465,4.178760293048661,4.482677716052869,3.672738661915651
54,27.0,7.2189777837485005,6.174086803226258,4.291376755482472,6.174086803226258,6.657023139707829,5.565979614459121,3.0459381952642524,3.0459381952642524,4.291376755482472,3.0459381952642524,2.6500213390192675,2.1168956716638676,1.3354458867869863,2.1168956716638676,2.351590745776466,1.8441550201330201,0.8993381689913206,0.8993381689913206,1.3354458867869863,0.8993381689913206,1.5096584667716197,0.7706536899527707,0.7579122282834804,4.280299504615195,4.195317742065689,4.499668865340475,3.6937081416193056
55,27.5,7.319358471724653,6.292194404118708,4.413866020969119,6.292194404118708,6.768294511280193,5.689377949839205,3.1518464075806167,3.1518464075806167,4.413866020969119,3.1518464075806167,2.7005042338614205,2.1683557481836417,1.379020242971865,2.1683557481836417,2.403218571269648,1.8941817178723492,0.93316742073127,0.93316742073127,1.379020242971865,0.93316742073127,1.4969170051023293,0.7763873477039515,0.7639644225763934,4.295430375390984,4.211725877381745,4.516051329177508,3.714560955035174
56,28.0,7.417461353122849,6.408845572228529,4.537148255762246,6.408845572228529,6.877660183887075,5.812001740050582,3.2597680490747534,3.2597680490747534,4.537148255762246,3.2597680490747534,2.7509155559964205,2.220159100080173,1.423497937217328,2.220159100080173,2.4549991473033423,1.9447726754799963,0.9680032509215754,0.9680032509215754,1.423497937217328,0.9680032509215754,1.484494079974771,0.7819776640113527,0.7698653120119836,4.310389383885221,4.227976409280248,4.5318366310509335,3.7352992749995635
57,28.5,7.513240756153635,6.523921342996589,4.661077097076527,6.523921342996589,6.985032145056301,5.9337050059213565,3.369626012859648,3.369626012859648,4.661077097076527,3.369626012859648,2.8012007971004405,2.272249178651079,1.4688499677833748,2.272249178651079,2.506874993564583,1.9958766668540304,1.0038437386969878,1.0038437386969878,1.4688499677833748,1.0038437386969878,1.4723817279754017,0.7874282224110689,0.775618679211684,4.325169052352438,4.244061372946001,4.547037336470997,3.7559251038119785
58,29.0,7.6066588606616765,6.637309661698386,4.785502753405897,6.637309661698386,7.090330381971767,6.054345980730943,3.4813354161699284,3.4813354161699284,4.785502753405897,3.4813354161699284,2.8513072287619603,2.3245694612609844,1.5150450382293534,2.3245694612609844,2.558789503435648,2.0474414830296026,1.0406849371663867,1.0406849371663867,1.5150450382293534,1.0406849371663867,1.4605721847760167,0.7927425168507922,0.7812282122313919,4.33976235967375,4.259973124045368,4.561666868993583,3.7764401681515904
59,29.5,7.697685508582346,6.748905747056932,4.910272708061915,6.748905747056932,7.193482976442795,6.173787753495525,3.5948037055790296,3.5948037055790296,4.910272708061915,3.5948037055790296,2.901184005038421,2.3770636318743583,1.5620496040194336,2.3770636318743583,2.610687102674935,2.0994141027155107,1.0785207829475432,1.0785207829475432,1.5620496040194336,1.0785207829475432,1.4490578801566163,0.7979239539295224,0.7866975069256071,4.354162734469481,4.275704338661523,4.5757393444098,3.7968458303162667
60,30.0,7.78629797306627,6.8586123904964875,5.035232453127322,6.8586123904964875,7.2944261386030735,6.291898865044245,3.7099308224497576,3.7099308224497576,5.035232453127322,3.7099308224497576,2.9507822541131565,2.4296757600430525,1.609827935146645,2.4296757600430525,2.662513401006265,2.1517408692058413,1.11734301436141,1.11734301436141,1.609827935146645,1.11734301436141,1.437831433152701,0.8029758550812843,0.792030069252467,4.3683640500566225,4.291248016656365,4.589269421928471,3.8171430149960752
61,30.5,7.872480691092703,6.966340190405952,5.1602262464985555,6.966340190405952,7.3931041820755485,6.408553851656732,3.8266094300354316,3.8266094300354316,5.1602262464985555,3.8266094300354316,3.000055158684816,2.4823504768010487,1.6583421945517764,2.4823504768010487,2.7142153355078404,2.2043676720369674,1.1571410993942253,1.1571410993942253,1.6583421945517764,1.1571410993942253,1.4268856473238833,0.8079014587042522,0.7972293175211553,4.382360620666941,4.306597487601007,4.602272171166042,3.837332150761191
62,31.0,7.956224964489201,7.072007721683923,5.285097884248221,7.072007721683923,7.489469443944211,6.523633731891647,3.9447252028870228,3.9447252028870228,5.285097884248221,3.9447252028870228,3.0489580248628054,2.5350331460030944,1.7075525319303932,2.5350331460030944,2.7657413048310535,2.2572401317324102,1.1979021744966896,1.1979021744966896,1.7075525319303932,1.1979021744966896,1.4162135061407863,0.8127039222366459,0.8022985845831264,4.396147198411764,4.321746418493101,4.61476295376892,3.857413125419276
63,31.5,8.037528634285856,7.175541641690335,5.409691480230206,7.175541641690335,7.583482153382551,6.637026433146857,4.064157178399913,4.064157178399913,5.409691480230206,4.064157178399913,3.0974483394768115,2.587670029745198,1.7574171923396287,2.587670029745198,2.8170412934240647,2.3103037859744613,1.2396109952318528,1.2396109952318528,1.7574171923396287,1.2396109952318528,1.4058081684872668,0.8173863241807298,0.8072411199685483,4.409718970549726,4.336688822559439,4.626757318520319,3.877385254377388
64,32.0,8.116395733265323,7.276876734516692,5.53385224468534,7.276876734516692,7.67511025319832,6.748627155432749,4.184778169466211,4.184778169466211,5.53385224468534,4.184778169466211,3.145485815834604,2.6402084466208553,1.8078926388397807,2.6402084466208553,2.8680669850828195,2.363504275561557,1.2822498997069154,1.2822498997069154,1.8078926388397807,1.2822498997069154,1.395662964275085,0.8219516660762115,0.8120600919693346,4.423071556682528,4.351419068524127,4.6382709088233485,3.897247261127184
65,32.5,8.192836121433752,7.375955896195775,5.657427253589562,7.375955896195775,7.764329178864486,6.858338670789165,4.306455236301317,4.306455236301317,5.657427253589562,4.306455236301317,3.193032428078718,2.6925969216947068,1.8589336882375307,2.6925969216947068,2.9187718653002905,2.416787528553208,1.3257987856291025,1.3257987856291025,1.8589336882375307,1.3257987856291025,1.385771390168208,0.8264028744243063,0.8167585896701013,4.436201005569765,4.365931889804539,4.649319381500675,3.916997268958581
66,33.0,8.266865108942092,7.4727300640924375,5.78026620062075,7.4727300640924375,7.851121599818878,6.9660715577124135,4.429050214605048,4.429050214605048,5.78026620062075,4.429050214605048,3.240052434398334,2.7447853272122824,1.910493658841173,2.7447853272122824,2.9691113120307477,2.470099941068358,1.3702351017127736,1.3702351017127736,1.910493658841173,1.3702351017127736,1.3761271054140027,0.8307428025636986,0.8213396249283488,4.449103791316135,4.380222393177558,4.659918335905926,3.936632802995845
67,33.5,8.338503070741975,7.567158094243105,5.902222123901595,7.567158094243105,7.935477127934109,7.071744370862185,4.552420296317835,4.552420296317835,5.902222123901595,4.552420296317835,3.2865123894469668,2.796725013207746,1.9625245289966542,2.796725013207746,3.019042674627563,2.523388553286495,1.4155338540350808,1.4155338540350808,1.9625245289966542,1.4155338540350808,1.3667239277786527,0.8349742324996061,0.82580613430514,4.461776808742127,4.394286066536173,4.670083252400625,3.9561508016414217
68,34.0,8.407775056975208,7.659206590838916,6.023152100097307,7.659206590838916,8.017391998090988,7.175283747171189,4.676418658362094,4.676418658362094,6.023152100097307,4.676418658362094,3.3323811463989985,2.8483689273183317,2.014977105049254,2.8483689273183317,3.0685253408484594,2.57660121930145,1.461667627792379,1.461667627792379,2.014977105049254,1.461667627792379,1.3575558295841863,0.8390998766871159,0.8301609809475116,4.474217367802008,4.408118785430315,4.679829439311093,3.9755476365068168
69,34.5,8.474710402780495,7.74884969237511,6.14291789899764,7.74884969237511,8.09686872574027,7.276624450267653,4.800895133938813,4.800895133938813,6.14291789899764,4.800895133938813,3.377629849148561,2.899671723261793,2.0678011972717325,2.899671723261793,3.117520791949543,2.629686769593069,1.5086066247512304,1.5086066247512304,2.0678011972717325,1.5086066247512304,1.3486169338445817,0.8431223797699381,0.8344069564238238,4.486423186960441,4.421716818154854,4.689171987540879,3.9948191399071225
70,35.0,8.53934234086454,7.836068819218756,6.261386592378393,7.836068819218756,8.17391574621793,7.375709355829871,4.925696920200366,4.925696920200366,6.261386592378393,4.925696920200366,3.4222319152127465,2.950589857579172,2.1209458022176055,2.950589857579172,3.1659926460075143,2.682595165009162,1.556318716518678,1.556318716518678,2.1209458022176055,1.556318716518678,1.339901510498467,0.8470443202756897,0.8385467825132282,4.498392385480953,4.4350768292115745,4.698125732074729,4.01396063899692
71,35.5,8.601707619835357,7.920852387482031,6.378431111701233,7.920852387482031,8.24854704039748,7.472489381112983,5.050669315462027,5.050669315462027,6.378431111701233,5.050669315462027,3.466163009947993,3.0010816743872644,2.174359289899256,3.0010816743872644,3.2139066897170756,2.7352776412865283,1.6047695135792948,1.6047695135792948,2.174359289899256,1.6047695135792948,1.3314039727360054,0.8508682122687974,0.8425831129503976,4.510123474615979,4.448195881030136,4.706705219669132,4.032966995630819
72,36.0,8.661846130941457,8.003195494134735,6.493930750052703,8.003195494134735,8.320781751029104,7.566923362414401,5.17565647856438,5.17565647856438,6.493930750052703,5.17565647856438,3.5094010127241297,3.0511074780212697,2.227989594155611,3.0511074780212697,3.2612308990069496,2.787686843282562,1.6539224498644396,1.6539224498644396,2.227989594155611,1.6539224498644396,1.3231188734176054,0.8545965069620775,0.8465185351266377,4.521615347719284,4.461071433885117,4.7149246820812145,4.051832651042579
73,36.5,8.719800545508003,8.083099578254778,6.607771604622938,8.083099578254778,8.390643793839265,7.658977884671857,5.300502202572072,5.300502202572072,6.607771604622938,5.300502202572072,3.551925975725623,3.1006295935765755,2.2817844045634037,3.1006295935765755,3.3079354489025836,2.8397769482352304,1.7037388824355193,1.7037388824355193,2.2817844045634037,1.7037388824355193,1.3150409015821651,0.8582315942880255,0.8503555717484718,4.532867269327439,4.473701343992344,4.722798014242023,4.070551674452928
74,37.0,8.775615965016195,8.160572063207605,6.7198469569597785,8.160572063207605,8.458161467155762,7.7486270677159865,5.425050694703319,5.425050694703319,6.7198469569597785,5.425050694703319,3.5937200760647467,3.149612415477937,2.335691358259228,3.149612415477937,3.3539927131363485,2.891503777516369,1.7541782056813262,1.7541782056813262,2.335691358259228,1.7541782056813262,1.307164879042611,0.8617758044308249,0.85409668245476,4.543878863278038,4.4860838598076,4.730338756831481,4.089117814738374
75,37.5,8.829339585439769,8.235625984373963,6.830057589182959,8.235625984373963,8.523367063491158,7.835852313929082,5.54914735423798,5.54914735423798,6.830057589182959,5.54914735423798,3.6347675618975037,3.198022444313389,2.3896582300758404,3.198022444313389,3.39937725406681,2.9428248964887773,1.8051979792532094,1.8051979792532094,2.3896582300758404,1.8051979792532094,1.2994857570665457,0.8652314093200543,0.857744265393391,4.554650099948755,4.498217616584749,4.737560082760539,4.107524554321661
76,38.0,8.88102037713669,8.308279606820182,6.938312035284329,8.308279606820182,8.586296486170687,7.920642022196997,5.672639540154647,5.672639540154647,6.938312035284329,5.672639540154647,3.6750546932310457,3.245828312268224,2.4436331194541565,3.245828312268224,3.444065803517737,2.9936997022192635,1.856754068794415,1.856754068794415,2.4436331194541565,1.856754068794415,1.291998613139882,0.868600624087053,0.8613006587585562,4.5651812827136204,4.510101629278434,4.744474787111056,4.125765164479133
77,38.5,8.930708781297938,8.37855603703567,7.0445267675536885,8.37855603703567,8.646988873737085,8.002991273087883,5.7953773203997505,5.7953773203997505,7.0445267675536885,5.7953773203997505,3.7145696781019417,3.2930007975807047,2.497564632670291,3.2930007975807047,3.4880372351852773,3.0440894989354974,1.908800798364688,1.908800798364688,2.497564632670291,1.908800798364688,1.2846986478113849,0.8718856084848766,0.8647681422895923,4.5754730337213605,4.521735283899197,4.751095280125815,4.143832761300941
78,39.0,8.978456423681074,8.446482832558718,7.14862631903747,8.446482832558718,8.705486234511275,8.082901490156672,5.917214194990719,5.917214194990719,7.14862631903747,5.917214194990719,3.7533026047888716,3.3395128285156375,2.5514020590127133,3.3395128285156375,3.5312725292887954,3.0939575612426395,1.9612911133212216,1.9612911133212216,2.5514020590127133,1.9612911133212216,1.2775811816161002,0.8750884682727547,0.8681489387323525,4.585526279105766,4.533118327446355,4.757433582879818,4.161720361586585
79,39.5,9.024315846105427,8.51209161298311,7.250543343743168,8.51209161298311,8.761833093340512,8.160380082166622,6.038007785593257,6.038007785593257,7.250543343743168,6.038007785593257,3.7912453707020637,3.3853394774144334,2.605095539655657,3.3853394774144334,3.5737547301578685,3.143269185234673,2.014176752294992,2.014176752294992,2.605095539655657,2.014176752294992,1.2706416520756978,0.8782112565659358,0.8714452152640437,4.59534223374033,4.544250856556843,4.763501325299676,4.1794209380099865
80,40.0,9.06834025595935,8.575417675493178,7.3502186170328345,8.575417675493178,8.816076152229753,8.235440070847844,6.157620484778495,6.157620484778495,7.3502186170328345,6.157620484778495,3.828391608565944,3.430457945431041,2.658596228098695,3.430457945431041,3.615468897455719,3.1919917277441354,2.067408426799705,2.067408426799705,2.658596228098695,2.067408426799705,1.2638756107738054,0.8812559751517874,0.8746590848824426,4.604922385649035,4.555133305016749,4.769309746230766,4.196927472944797
81,40.5,9.110583293768054,8.636499617722032,7.447600979293596,8.636499617722032,8.86826396623167,8.308099708587605,6.275920058844601,6.275920058844601,7.447600979293596,6.275920058844601,3.8647366104818484,3.47484753860254,2.7118564411761,3.47484753860254,3.656402051738725,3.240094634071619,2.1209360069308345,2.1209360069308345,2.7118564411761,2.1209360069308345,1.2572787205044602,0.8842245757729927,0.8777926077603815,4.6142684801828135,4.565766430287052,4.774869695281782,4.214233010400849
82,41.0,9.151098818693029,8.69537897037357,7.542647226524402,8.69537897037357,8.918446635669438,8.378382090177817,6.392780198861791,6.392780198861791,7.542647226524402,6.392780198861791,3.9002772504250816,3.5184896359317523,2.764829799780405,3.5184896359317523,3.6965431150435246,3.2875494546224835,2.1747087115558377,2.1747087115558377,2.764829799780405,2.1747087115558377,1.2508467524918487,0.887118961378668,0.8808477925663719,4.623382504067072,4.576151299196473,4.780191636203822,4.231330705585917
83,41.5,9.189940711680256,8.752099841700174,7.63532195193164,8.752099841700174,8.966675515486493,8.446314762441647,6.508081015450084,6.508081015450084,7.63532195193164,6.508081015450084,3.9350119056958337,3.561367650177669,2.817471358589676,3.561367650177669,3.7358828471785106,3.3343298509524004,2.228675301364298,2.228675301364298,2.817471358589676,2.228675301364298,1.2445755836795525,0.8899409873442012,0.8838265977522126,4.632266669420156,4.586289272952934,4.78528565158609,4.248213871672148
84,42.0,9.227162695843278,8.806708575589742,7.7255973429799765,8.806708575589742,9.013002942260693,8.51192933523253,6.6217094737042785,6.6217094737042785,7.7255973429799765,6.6217094737042785,3.968940377807124,3.6034669820585292,2.8697377242346915,3.6034669820585292,3.7744137783761023,3.3804115917855935,2.28278427313869,2.28278427313869,2.8697377242346915,2.28278427313869,1.2384611940875636,0.8926924626605962,0.8867309328084073,4.640923397836073,4.5961819916212034,4.790161448673076,4.26487602341272
85,42.5,9.262818173557633,8.8592534246924,7.813452938599679,8.8592534246924,9.057481979187727,8.575261096954197,6.733559765618767,6.733559765618767,7.813452938599679,6.733559765618767,4.002063813255709,3.644774968572913,2.921587161487949,3.644774968572913,3.81213013893699,3.425772539620169,2.3369840536222246,2.3369840536222246,2.921587161487949,2.3369840536222246,1.2324996642353745,0.8953751510940813,0.8895626594881971,4.6493553046174805,4.605831358208517,4.79482836612869,4.2813109173204325
86,43.0,9.296960079653568,8.9097842397124,7.898875351411103,8.9097842397124,9.10016617913056,8.636348637397226,6.843533618313906,6.843533618313906,7.898875351411103,6.843533618313906,4.034384624584263,3.685280826137077,2.972979687198829,3.685280826137077,3.8490277864684046,3.470392628574091,2.3912231913989612,2.3912231913989612,2.972979687198829,2.3912231913989612,1.2266871726294901,0.8979907723167293,0.8923235930009922,4.657565183237064,4.615239522492477,4.799295381591554,4.297512588185071
87,43.5,9.329640750022886,8.958352175706882,7.981857959896009,8.958352175706882,9.14110936564813,8.695233480333723,6.951540537304638,6.951540537304638,7.981857959896009,6.951540537304638,4.065906412105622,3.724975589222895,3.0238771518362877,3.724975589222895,3.885104131286188,3.5142538341537293,2.4454505452616293,2.4454505452616293,3.0238771518362877,2.4454505452616293,1.2210199933137529,0.900541003008811,0.8950155031759673,4.665555990097357,4.624408864716894,4.803571119882587,4.31347538176958
88,44.0,9.360911804901592,9.005009415972264,8.062400575431033,9.005009415972264,9.180365431756837,8.751959727962827,7.057497984960921,7.057497984960921,8.062400575431033,7.057497984960921,4.096633886622881,3.763852045161057,3.074243308630249,3.763852045161057,3.9203580605157993,3.5573401356451133,2.499615467622571,2.499615467622571,3.074243308630249,2.499615467622571,1.215494493480909,0.9030274779335907,0.8976401155965682,4.673330829650787,4.633341979271722,4.807663861741342,4.329193983585442
89,44.5,9.390824046050941,9.049808913862131,8.140509089009031,9.049808913862131,9.217988156041699,8.806573718961554,7.16133149517033,7.16133149517033,8.140509089009031,7.16133149517033,4.12657279344301,3.8019046657495577,3.124043870423962,3.8019046657495577,3.9547898613910517,3.5996374718368966,2.5536679816207006,2.5536679816207006,3.124043870423962,2.5536679816207006,1.2101071311438865,0.905451790985251,0.900199112706654,4.680892939933579,4.6420416584630875,4.811581552981383,4.344663443704481
90,45.0,9.419427367034045,9.092804152668146,8.21619510231829,9.092804152668146,9.254031035619159,8.85912370157211,7.262974726010254,7.262974726010254,8.21619510231829,7.262974726010254,4.155729837946711,3.8391295362787834,3.173246554460721,3.8391295362787834,3.988401144211978,3.6411336907843546,2.607558950689922,2.607558950689922,3.173246554460721,2.607558950689922,1.2048544528652894,0.9078154962106197,0.9026941348889876,4.688245678559236,4.650510876469022,4.815331813967488,4.35987919761695
91,45.5,9.446770675771598,9.134048923507658,8.289475547637409,9.134048923507658,9.288547135359103,8.90965952285193,7.362369452957449,7.362369452957449,8.289475547637409,7.362369452957449,4.184112612943665,3.8755242825525356,3.2218211154286203,3.8755242825525356,4.021194765385356,3.681818494316435,2.661240239479362,2.661240239479362,3.2218211154286203,2.661240239479362,1.199733091543657,0.9101201088053542,0.905126781516763,4.695392509209578,4.658752773565969,4.818921949328728,4.374837083193645
92,46.0,9.472901828557086,9.173597120997883,8.360372300744887,9.173597120997883,9.32158895269812,8.958232334928796,7.459465505796116,7.459465505796116,8.360372300744887,7.459465505796116,4.21172952801041,3.9110879964498557,3.2697393671758115,3.9110879964498557,4.053174750933541,3.721683377973833,2.7146648651502967,2.7146648651502967,3.2697393671758115,2.7146648651502967,1.1947397642550657,0.9123671060852203,0.9074986119788438,4.7023369886541575,4.66677064070071,4.822358957831627,4.389533353852653
93,46.5,9.49786757471754,9.211502556355875,8.428911790746819,9.211502556355875,9.353208297317707,9.004894318842418,7.554220652925111,7.554220652925111,8.428911790746819,7.554220652925111,4.238589740977828,3.94582116053626,3.3169751935856913,3.94582116053626,4.084346220819807,3.760721567046202,2.7677871382159096,2.7677871382159096,3.3169751935856913,2.7677871382159096,1.189871270148689,0.9145579284330898,0.9098111466793728,4.709082754321964,4.674567904472252,4.825649542346767,4.403964688068786
94,47.0,9.521713511119064,9.247818787444913,8.495124610403206,9.247818787444913,9.383456184918527,9.049698426316937,7.646600437205965,7.646600437205965,8.495124610403206,7.646600437205965,4.264703091706913,3.9797255721955698,3.363504549166487,3.9797255721955698,4.11471531440178,3.7989279493518153,2.8205627922352634,2.8205627922352634,3.363504549166487,2.8205627922352634,1.1851244883949719,0.9166939802222626,0.9120658680123884,4.715633512443077,4.682148112578377,4.82880011985042,4.418128195395809
95,47.5,9.54448404573588,9.282598965190063,8.559045130191976,9.282598965190063,9.412382744293025,9.092698139596367,7.736577967834871,7.736577967834871,8.559045130191976,7.736577967834871,4.290080038264964,4.012804267715543,3.409305449962962,4.012804267715543,4.144289117289016,3.836299005374134,2.872949101819372,2.872949101819372,3.409305449962962,2.872949101819372,1.1804963761850975,0.918776630716706,0.9142642213120787,4.721993026772086,4.689514919772353,4.831816831410261,4.432021419198105
96,48.0,9.56622236952614,9.315895695706828,8.62071111899826,9.315895695706828,9.440037136882351,9.13394724928709,7.824133672964675,7.824133672964675,8.62071111899826,7.824133672964675,4.314731595589869,4.045061446722436,3.4543579554397703,4.045061446722436,4.173075589846625,3.8728327363376045,2.92490498855252,2.92490498855252,3.4543579554397703,2.92490498855252,1.1759839667804701,0.9208072149487884,0.9164076157792768,4.728165107899867,4.696672074366545,4.834705552110825,4.445642336309621
97,48.5,9.586970435886334,9.347760917425724,8.680163373962072,9.347760917425724,9.466467487997878,9.173499649987647,7.9092550179508105,7.9092550179508105,8.680163373962072,7.9092550179508105,4.338669276707534,4.076502397321958,3.4986441420168335,4.076502397321958,4.20108349755424,3.9085285907704153,2.9763911145736643,2.9763911145736643,3.4986441420168335,2.9763911145736643,1.1715843676109583,0.9227870345750686,0.9184974253847948,4.73415360315553,4.703623405311612,4.837471900880427,4.4589893538539265
98,49.0,9.606768946987858,9.378245792450251,8.737445361666813,9.378245792450251,9.491720828891168,9.211409153345413,7.991936194153451,7.991936194153451,8.737445361666813,7.991936194153451,4.361905036546854,4.1071334222671165,3.5421480689576623,4.1071334222671165,4.2283223433988075,3.9433873900655296,3.0273699636988174,3.0273699636988174,3.5421480689576623,3.0273699636988174,1.1672947584206843,0.9247173587106919,0.920534989750175,4.739962387096177,4.710372809872492,4.840121250186646,4.472061303470409
99,49.5,9.625657346333199,9.40740061135471,8.792602872509589,9.40740061135471,9.515843048867694,9.247729318061005,8.072177783204024,8.072177783204024,8.792602872509589,8.072177783204024,4.384451218377841,4.136961766437628,3.5848557373225187,4.136961766437628,4.2548023024505595,3.9774112535137784,3.077805910093977,3.077805910093977,3.5848557373225187,3.077805910093977,1.1631123894601672,0.9265994247429247,0.9225216150064206,4.74559535257841,4.716924241915631,4.842658735572301,4.484857433198155
100,50.0,9.643673816904768,9.43527471060986,8.845683689766748,9.43527471060986,9.53887885665766,9.28251329626343,8.149986401545963,8.149986401545963,8.845683689766748,8.149986401545963,4.4063205028815675,4.165995545880993,3.6267550427005615,4.165995545880993,4.280534158744473,4.010603523244675,3.1276652746279274,3.1276652746279274,3.6267550427005615,3.1276652746279274,1.159034579723663,0.9284344391243515,0.9244585746312601,4.751056402402314,4.72328170081579,4.845089265008237,4.497377397271563
101,50.5,9.660855284315733,9.461916401816984,8.896737274558058,9.461916401816984,9.56087175028059,9.315813695600065,8.22537432989634,8.22537432989634,8.896737274558058,8.22537432989634,4.427525859845383,4.194243678632368,3.667835722429485,4.194243678632368,4.305529244564264,4.042968689472443,3.1769163691439397,3.1769163691439397,3.667835722429485,3.1769163691439397,1.1550587152305714,0.9302235781462428,0.9263471102654787,4.7563494415158765,4.729449220985309,4.8474175280431036,4.5096212440804075
102,51.0,9.677237424409064,9.487372911932967,8.945814467623407,9.487372911932967,9.581863994668053,9.347682456324419,8.298359132056568,8.298359132056568,8.945814467623407,8.298359132056568,4.44808050246334,4.221715817499074,3.7080892979985958,4.221715817499074,4.329799382202752,4.074512316406931,3.225529528988157,3.225529528988157,3.7080892979985958,3.225529528988157,1.151182247349807,0.9319679886925867,0.9281884325088418,4.761478369765536,4.73543086202387,4.849648004733811,4.521589402542585
103,51.5,9.6928546747876,9.51169033367922,8.992967208558875,9.51169033367922,9.601896606339876,9.378170742619263,8.368963267236463,8.368963267236463,8.992967208558875,8.368963267236463,4.467997844209863,4.248422284966101,3.747509013312638,4.248422284966101,4.353356828251111,4.105240969152066,3.273477134219661,3.273477134219661,3.747509013312638,3.273477134219661,1.1474026911660618,0.9336687889752721,0.9299837216961208,4.76644707517658,4.741230699482635,4.851784974343495,4.5332826671303605
104,52.0,9.707740249794222,9.534913585344146,9.038248272915743,9.534913585344146,9.621009344462664,9.407328847361626,8.437213699756521,8.437213699756521,9.038248272915743,8.437213699756521,4.487291458244226,4.2743740103514,3.7860897694699,4.2743740103514,4.376214220450122,4.135162141878504,3.3207336200025908,3.3207336200025908,3.7860897694699,3.3207336200025908,1.1437176238869102,0.9353270692508903,0.9317341286537177,4.771259427745627,4.746852816232979,4.85383252379657,4.544702181781251
105,52.5,9.72192615849656,9.557086379211452,9.081711027347207,9.557086379211452,9.639240707654608,9.435206109517695,8.503141509667552,8.503141509667552,9.081711027347207,8.503141509667552,4.505975039294428,4.299582469314116,3.823828056680085,4.299582469314116,4.398384527118981,4.164284187522521,3.36727547674415,3.36727547674415,3.823828056680085,3.36727547674415,1.1401246832897374,0.936943892519618,0.9334407754373748,4.775919273726143,4.7523012944269345,4.855794555882963,4.555849422913063
106,53.0,9.73544322526509,9.57825119787348,9.123409202793368,9.57825119787348,9.65662793593681,9.46185084334818,8.566781507483773,8.566781507483773,9.123409202793368,8.566781507483773,4.524062367961334,4.324059625795247,3.860721883915915,4.324059625795247,4.419880999161452,4.1926162492301,3.413081240594037,3.413081240594037,3.860721883915915,3.413081240594037,1.1366215662074939,0.9385202952066275,0.9351047560514404,4.780430430387106,4.757580208033917,4.857674797205814,4.566726181749441
107,53.5,9.748321112566545,9.598449277719329,9.163396685524964,9.598449277719329,9.673207017268073,9.487310278606746,8.628171855873132,8.628171855873132,9.163396685524964,8.628171855873132,4.541567277377431,4.347817876448468,3.896770706858243,4.347817876448468,4.440717124635081,4.220168193733763,3.4581314749611636,3.4581314749611636,3.896770706858243,3.4581314749611636,1.1332060270523066,0.9400572878264618,0.9367271371501544,4.784796681224238,4.762693615936148,4.859476805868884,4.577334546148101
108,54.0,9.760588345626319,9.617720598920542,9.201727325719762,9.617720598920542,9.689012698136855,9.511630510924297,8.687353700794382,8.687353700794382,9.201727325719762,8.687353700794382,4.5585036221492174,4.3708699975990575,3.931975354658325,4.3708699975990575,4.4609065858567485,4.246950546820183,3.502408743732965,3.502408743732965,3.931975354658325,3.502408743732965,1.1298758763759988,0.9415558556308002,0.9383089587214005,4.78902177160284,4.7676455555635044,4.861203978901662,4.5876768821089176
109,54.5,9.772272338643754,9.636103881272067,9.238454763121261,9.636103881272067,9.704078497720412,9.534856461588781,8.744370814220572,8.744370814220572,9.238454763121261,8.744370814220572,4.57488524950785,4.3932290947509065,3.96633795600344,4.3932290947509065,4.480463219006921,4.272974431018893,3.545897576901831,3.545897576901831,3.96633795600344,3.545897576901831,1.126628979466599,0.9430169592400303,0.9398512347533655,4.7931094048111005,4.772440037047193,4.86285955942161,4.597755815123631
110,55.0,9.783399422272833,9.653636585282337,9.273632269226134,9.653636585282337,9.718436725156835,9.557031845952713,8.799269250248638,8.799269250248638,9.273632269226134,8.799269250248638,4.590725972589278,4.41490855464542,3.9998618649339215,4.41490855464542,4.4994009761854965,4.298251505616766,3.5885844293129554,3.5885844293129554,3.9998618649339215,3.5885844293129554,1.123463254979934,0.9444415352590295,0.9413549538845314,4.797063238502677,4.777081037870681,4.864446643534432,4.607574211513469
111,55.5,9.793994872107833,9.670354917942946,9.307312605363279,9.670354917942946,9.73211849951029,9.578199149727576,8.852097016069214,8.852097016069214,9.307312605363279,8.852097016069214,4.60603954576251,4.435921999861723,4.032551586821308,4.435921999861723,4.517733889863979,4.322793909079117,3.630457633249038,3.630457633249038,4.032551586821308,3.630457633249038,1.1203766736054357,0.9458304968775538,0.9428210800374182,4.80088688150758,4.781572497995618,4.865968186974281,4.617135159885465
112,56.0,9.804082937938851,9.686293842645178,9.339547895961672,9.686293842645178,9.745153772043253,9.598399612454743,8.902903758963168,8.902903758963168,9.339547895961672,8.902903758963168,4.6208396419228555,4.456283245934766,4.064412704879285,4.456283245934766,4.535476039671861,4.34661420393653,3.671507345560665,3.671507345560665,4.064412704879285,3.671507345560665,1.1173672567653,0.947184734455615,0.9442505530364828,4.804583890990618,4.785918315440107,4.867427011486923,4.626441952823258
113,56.5,9.813686873565874,9.701487092747108,9.370389516254946,9.701487092747108,9.757571350441571,9.617673217475623,8.951740470204523,8.951740470204523,9.370389516254946,8.951740470204523,4.635139831665859,4.476006260956705,4.095451807541694,4.476006260956705,4.552641521449307,4.369725324176594,3.711725490037745,3.711725490037745,4.095451807541694,3.711725490037745,1.1144330753461673,0.9485051160942246,0.9456442892105706,4.808157769937063,4.790122342286466,4.8688258109596845,4.635498068913493
114,57.0,9.822828966982172,9.71596718833077,9.399887993635991,9.71596718833077,9.76939892466886,9.636058687758664,8.998659206485263,8.998659206485263,9.399887993635991,8.998659206485263,4.648953564257121,4.495105127617139,4.125676417005509,4.495105127617139,4.569244418493564,4.3921405251617305,3.7511056956979894,3.7511056956979894,4.125676417005509,3.7511056956979894,1.1115722484625132,0.949792488191869,0.9470031819803064,4.811611964945733,4.794188381095702,4.8701671573027605,4.644307155195006
115,57.5,9.83153057075836,9.729765455723708,9.42809292185328,9.729765455723708,9.780663094155697,9.653593486976952,9.043712829237215,9.043712829237215,9.42809292185328,9.043712829237215,4.662294150313223,4.513594007629375,4.155094919201566,4.513594007629375,4.585298774922778,4.413873336078067,3.7896432316440203,3.7896432316440203,4.155094919201566,3.7896432316440203,1.1087829422509503,0.9510476759870723,0.9483281024307988,4.814949864310209,4.798120181706057,4.871453506087069,4.652873010104789
116,58.0,9.839812132477498,9.742912049392922,9.455052887230444,9.742912049392922,9.791389396056585,9.670313825266781,9.086954762010526,9.086954762010526,9.455052887230444,9.086954762010526,4.6751747461095,4.531487108482729,4.1837164954222485,4.531487108482729,4.600818571078054,4.434937514905833,3.8273349391120823,3.8273349391120823,4.1837164954222485,3.8273349391120823,1.1060633686946766,0.9522714840873955,0.9496198998700288,4.818174796369523,4.801921438393399,4.872687201944369,4.661199566982301
117,58.5,9.847693225089115,9.755435975851539,9.480815406090342,9.755435975851539,9.801602334333367,9.68625466913439,9.128438765876924,9.128438765876924,9.480815406090342,9.128438765876924,4.687608339431253,4.548798652454881,4.211551055803395,4.548798652454881,4.615817700882485,4.4553470058889015,3.8641791613034013,3.8641791613034013,4.211551055803395,3.8641791613034013,1.1034117844773097,0.9534646969852106,0.9508794023732781,4.821290028110408,4.80559578737162,4.873870483735755,4.669290878182255
118,59.0,9.85519257706624,9.767365119249423,9.505426872573059,9.767365119249423,9.811325409447988,9.70144975501447,9.168218732658946,9.168218732658946,9.505426872573059,9.168218732658946,4.699607736886346,4.565542847813372,4.238609174827552,4.565542847813372,4.630309951074561,4.475115899469818,3.900175671554705,3.900175671554705,4.238609174827552,3.900175671554705,1.100826489865377,0.9546280795605804,0.9521074173139461,4.824298764003801,4.80914680461187,4.875005489494998,4.677151099835341
119,59.5,9.862328102264245,9.778726268348242,9.528932516052542,9.778726268348242,9.820581148469989,9.715931606019842,9.206348495642501,9.206348495642501,9.528932516052542,9.206348495642501,4.711185552598635,4.58173386213141,4.264902028987488,4.58173386213141,4.644308982232583,4.494258394646823,3.9353256003680324,3.9353256003680324,4.264902028987488,3.9353256003680324,1.0983058276187425,0.9557623775715659,0.9533047318810974,4.827204145059103,4.812578003959997,4.87609426115345,4.684784477286787
120,60.0,9.869116929393902,9.789545144609235,9.551376367377753,9.789545144609235,9.829391135425068,9.729731551456558,9.242881657308532,9.242881657308532,9.551376367377753,9.242881657308532,4.722354198203551,4.5973857976400705,4.290441336722558,4.5973857976400705,4.657828311506581,4.512788763700896,3.969631361782344,3.969631361782344,4.290441336722558,3.969631361782344,1.095848181928274,0.9568683181322768,0.95447211358407,4.8300092480803976,4.815892835532368,4.877138749053423,4.692195331233824
121,60.5,9.87557543103335,9.799846431147985,9.572801233190129,9.799846431147985,9.837776041730457,9.74287974871234,9.277871433518905,9.277871433518905,9.572801233190129,9.277871433518905,4.733125874069207,4.612512668536767,4.315239300716183,4.612512668536767,4.670881296974513,4.53072131923366,4.003096579531199,4.003096579531199,4.315239300716183,4.003096579531199,1.093451977380067,0.9579466101789699,0.9556103107444682,4.832717085109625,4.819094684370926,4.87814081625709,4.699388044575374
122,61.0,9.88171925211487,9.809653802334966,9.593248677598803,9.809653802334966,9.845755656580751,9.755405207158612,9.31137051351032,9.31137051351032,9.593248677598803,9.31137051351032,4.743512561668618,4.627128380168303,4.339308552620343,4.627128380168303,4.683481123540306,4.548070383450942,4.035726013392397,4.035726013392397,4.339308552620343,4.035726013392397,1.0911156779455653,0.9589979449244956,0.9567200529758565,4.83533060304239,4.822186869339188,4.8791022426580275,4.706367049980241
123,61.5,9.887563337832525,9.81898995384339,9.612759010527487,9.81898995384339,9.853348917164329,9.767335813737256,9.34343093498649,9.34343093498649,9.612759010527487,9.34343093498649,4.7535260170310005,4.641246710005973,4.362662100252513,4.641246710005973,4.6956407902924,4.564850259621826,4.0675254860974395,4.0675254860974395,4.362662100252513,4.0675254860974395,1.0888377859969263,0.9600229963013832,0.95780205165146,4.8378526834029225,4.825172642241667,4.880024728902567,4.713136818174027
124,62.0,9.893121960925901,9.827876632967172,9.631371282081474,9.827876632967172,9.860573938605627,9.778698359932546,9.374103973551502,9.374103973551502,9.631371282081474,9.374103973551502,4.763177765202598,4.654881290329854,4.3853132772919245,4.654881290329854,4.70737309924292,4.581075205639048,4.098501811131355,4.098501811131355,4.3853132772919245,4.098501811131355,1.0866168413470032,0.9610224213938486,0.9588570003601735,4.840286142265322,4.82805518715005,4.880909900128097,4.719701846939627
125,62.5,9.898408748303424,9.83633466905142,9.64912328231903,9.83633466905142,9.867448043542366,9.789518569856437,9.403440045694307,9.403440045694307,9.64912328231903,9.403440045694307,4.772479095650054,4.668045592539647,4.407275695485304,4.668045592539647,4.718690645369334,4.596759409603507,4.128662721717145,4.128662721717145,4.407275695485304,4.128662721717145,1.0844514203133282,0.9619968608590024,0.9598855753511691,4.842633730309044,4.830837619920257,4.8817593095254095,4.7260666508215685
126,63.0,9.903436706976146,9.844384003896076,9.666051545848026,9.844384003896076,9.873987791259443,9.799821129201439,9.431488624514186,9.431488624514186,9.666051545848026,9.431488624514186,4.7814410585419544,4.680752913010067,4.42856319935724,4.680752913010067,4.729605807882353,4.611916967353368,4.158016801244142,4.158016801244142,4.42856319935724,4.158016801244142,1.082340134805495,0.9629469393375273,0.9608884359673899,4.844898132997211,4.833522987885372,4.882574441732145,4.732235751520562
127,63.5,9.90821824927954,9.852043722010055,9.682191360705472,9.852043722010055,9.880209006312713,9.809629714839796,9.458298167368193,9.458298167368193,9.682191360705472,9.458298167368193,4.790074461846845,4.693016360409815,4.449189823407014,4.693016360409815,4.740130742646054,4.626561861856694,4.18657341536614,4.18657341536614,4.449189823407014,4.18657341536614,1.0802816314353576,0.9638732658540891,0.9618662250682052,4.847081970867032,4.836114269710217,4.883356716064248,4.738213668961376
128,64.0,9.912765217366736,9.859332080608569,9.697576781014147,9.859332080608569,9.886126806586235,9.818967024870446,9.4839160546224,9.4839160546224,9.697576781014147,9.4839160546224,4.7983898691886715,4.704848844404538,4.469169751762017,4.704848844404538,4.750277375678407,4.64070794438562,4.214342645963393,4.214342645963393,4.469169751762017,4.214342645963393,1.0782745906494737,0.9647764342077368,0.9628195694415,4.849187799922248,4.838614375394164,4.88410748959223,4.744004913014429
129,64.5,9.917088906961894,9.86626653926041,9.712240642946531,9.86626653926041,9.891755630736032,9.827854808936502,9.508388538697897,9.508388538697897,9.712240642946531,9.508388538697897,4.806397598403286,4.716263065665822,4.48851728024758,4.716263065665822,4.760057397662887,4.654368917389752,4.241335227132671,4.241335227132671,4.48851728024758,4.241335227132671,1.0763177258832368,0.9656570233525434,0.9637490802054626,4.851218112118191,4.841026146409516,4.884828060068921,4.749613975849362
130,65.0,9.921200090367055,9.872863789104782,9.726214583561346,9.872863789104782,9.897109264981843,9.836313898655645,9.531760702618584,9.531760702618584,9.726214583561346,9.531760702618584,4.814107720742298,4.72727150711015,4.507246780824234,4.72727150711015,4.769482259404289,4.667558318986655,4.267562483341502,4.267562483341502,4.507246780824234,4.267562483341502,1.0744097827361558,0.9665155977687299,0.964655353200326,4.853175335930571,4.843352355963596,4.8855196687152,4.755045324897162
131,65.5,9.925109038719912,9.87913978156894,9.739529062112005,9.87913978156894,9.902200869215989,9.844364238023996,9.554076427289594,9.554076427289594,9.739529062112005,9.554076427289594,4.82153006067318,4.7378864262938665,4.525372668335822,4.7378864262938665,4.7785631681644745,4.680289508987922,4.293036269856667,4.293036269856667,4.525372668335822,4.293036269856667,1.072549538167752,0.9673527078245117,0.9655389693703179,4.855061836999763,4.845595709373379,4.886183502870029,4.760303396396102
132,66.0,9.928825543503509,9.885109756528497,9.752213383458983,9.885109756528497,9.90704300240528,9.852024913670766,9.57537836676162,9.57537836676162,9.752213383458983,9.57537836676162,4.828674196227109,4.748119848892386,4.542909369505506,4.748119848892386,4.787311084816383,4.692575656380296,4.317768915532874,4.317768915532874,4.542909369505506,4.317768915532874,1.070735799713558,0.9681688901288988,0.96640049513606,4.856879918842836,4.847758844542199,4.886820698510961,4.7653925894959475
133,66.5,9.932358937312046,9.890788269861847,9.764295723249349,9.890788269861847,9.911647647268007,9.859314184856357,9.59570793076647,9.59570793076647,9.764295723249349,9.59570793076647,4.835549459848554,4.757983563194313,4.559871294111464,4.757983563194313,4.795736721757264,4.7044297281826895,4.341773168025392,4.341773168025392,4.559871294111464,4.341773168025392,1.0689674047207192,0.9689646678756764,0.9672404827576585,4.85863182362615,4.849844332528759,4.88743234265106,4.770317260894241
134,67.0,9.935718113879636,9.896189220358757,9.775803154556488,9.896189220358757,9.91602623421344,9.866249513120627,9.61510527384192,9.61510527384192,9.775803154556488,9.61510527384192,4.8421649397031175,4.767489115543566,4.576272808269803,4.767489115543566,4.803850541524737,4.715864479601571,4.36506214147017,4.36506214147017,4.576272808269803,4.36506214147017,1.067243219602701,0.9697405511787844,0.968059470688717,4.860319732991787,4.851854678199302,4.888019475618011,4.775081719978257
135,67.5,9.938911547381238,9.90132587595097,9.786761675701129,9.90132587595097,9.920189664536066,9.872847591500893,9.633609290398702,9.633609290398702,9.786761675701129,9.633609290398702,4.848529481402492,4.776647806665162,4.592128209748841,4.776647806665162,4.811662756061901,4.726892445409015,4.387649266656629,4.387649266656629,4.592128209748841,4.387649266656629,1.0655621391126335,0.9704970373993148,0.9688579839214991,4.861945768931598,4.853792320954408,4.888583093220984,4.779690224446163
136,68.0,9.941947311016959,9.906210899239637,9.797196239001323,9.906210899239637,9.924148332861028,9.879124373250912,9.651257615118357,9.651257615118357,9.797196239001323,9.651257615118357,4.854651690107792,4.785470688812895,4.607451705236432,4.785470688812895,4.819183326580331,4.737525932469837,4.409548243701757,4.409548243701757,4.607451705236432,4.409548243701757,1.0639230856348176,0.971234611464332,0.9696365343234616,4.863511994703055,4.855659635522482,4.889124148810621,4.78414697638112
137,68.5,9.94483309489262,9.910856372300549,9.807130780223881,9.910856372300549,9.927912148840939,9.885095100002657,9.668086628107375,9.668086628107375,9.807130780223881,9.668086628107375,4.860539932974718,4.793968563679764,4.6222573894802075,4.793968563679764,4.826421963972338,4.747777013346411,4.4307729972193535,4.4307729972193535,4.6222573894802075,4.4307729972193535,1.0623250084939473,0.9719537461777237,0.9703956209653751,4.8650204157815224,4.857458932812536,4.889643555237294,4.788456118752415
138,69.0,9.947576223210893,9.915273820753724,9.816588248533002,9.915273820753724,9.931490558107468,9.890774329322307,9.6841314642698,9.6841314642698,9.816588248533002,9.6841314642698,4.866202341906255,4.802151981014618,4.636559226219522,4.802151981014618,4.833388129726408,4.757657520912148,4.451337633965131,4.451337633965131,4.636559226219522,4.451337633965131,1.0607668832815986,0.9726549025232806,0.9711357304412408,4.866472980843978,4.859192460819404,4.890142186712613,4.792621732318239
139,69.5,9.950183670788483,9.919474237088789,9.825590636753471,9.919474237088789,9.934892562483952,9.896175961620516,9.699426026396988,9.699426026396988,9.825590636753471,9.699426026396988,4.871646816580654,4.810031237891107,4.650371030827383,4.810031237891107,4.840091037302186,4.767179043907054,4.471256402926799,4.471256402926799,4.650371030827383,4.471256402926799,1.0592477111995586,0.9733385299601985,0.9718573371802097,4.867871582779547,4.860862405575007,4.890620880578943,4.796647832905344
140,70.0,9.952662078915779,9.923468103241888,9.834159011785857,9.923468103241888,9.938126739467656,9.901313266384763,9.714003001509102,9.714003001509102,9.834159011785857,9.714003001509102,4.876881027724516,4.817616378577599,4.663706454580661,4.817616378577599,4.846539653923768,4.77635292337132,4.490543657818186,4.490543657818186,4.663706454580661,4.490543657818186,1.0577665184195697,0.9740050667111936,0.9725609037507045,4.869218059722581,4.862470892139773,4.891080438991481,4.800538369041547
141,70.5,9.955017770576127,9.927265412423687,9.842313545029706,9.927265412423687,9.941201260992429,9.906198907708566,9.727893880017918,9.727893880017918,9.842313545029706,9.727893880017918,4.881912420602694,4.824917194959311,4.676578970477371,4.824917194959311,4.852742702752391,4.785190249895468,4.509213821927725,4.509213821927725,4.676578970477371,4.509213821927725,1.0563223554590804,0.9746549400434137,0.9732468811569369,4.870514196104362,4.864019985628733,4.891521630517267,4.804297219917899
142,71.0,9.957256765042501,9.930875690201352,9.850073542687815,9.930875690201352,9.944123911484263,9.910844969098562,9.741128977314364,9.741128977314364,9.850073542687815,9.741128977314364,4.886748218698622,4.831943227466379,4.689001860520698,4.831943227466379,4.858708665401878,4.793701861628159,4.527281355264198,4.527281355264198,4.689001860520698,4.527281355264198,1.0549142965726033,0.9752885665423283,0.9739157091280135,4.871761723719766,4.865511692267251,4.891945191655317,4.807928193658125
143,71.5,9.959384791869704,9.934308014840258,9.857457475840413,9.934308014840258,9.94690210522371,9.915262977545959,9.753737457416715,9.753737457416715,9.857457475840413,9.753737457416715,4.891395427560433,4.838703766464066,4.700988204390673,4.838703766464066,4.864445784762377,4.8018983429854,4.544760723936406,4.544760723936406,4.700988204390673,4.544760723936406,1.0535414391582882,0.9759063523787701,0.9745678163998132,4.872962322805546,4.866947960471702,4.892351828281855,4.811435025873933
144,72.0,9.961407304300561,9.937571036913674,9.864483010192423,9.937571036913674,9.949542903030377,9.919463926853789,9.765747358346482,9.765747358346482,9.864483010192423,9.765747358346482,4.895860838789925,4.8452078540637045,4.71255086942595,4.8452078540637045,4.869962068100017,4.809790024007475,4.561666371698248,4.561666371698248,4.71255086942595,4.561666371698248,1.052202903179331,0.9765086935693008,0.9752036209898178,4.874117623127175,4.868330681950824,4.892742217024456,4.814821378485688
145,72.5,9.963329492104727,9.94067299819083,9.871167035410169,9.94067299819083,9.952053028285684,9.92345830021571,9.77718561892855,9.77718561892855,9.871167035410169,9.77718561892855,4.900151034153048,4.85146428631529,4.723702501839907,4.85146428631529,4.875265290402159,4.817386980312493,4.578012693586549,4.578012693586549,4.723702501839907,4.578012693586549,1.0508978305998478,0.9770959762300683,0.9758235304650724,4.875229205071365,4.86966169282374,4.893117006568732,4.818090838788899
146,73.0,9.965156293868743,9.94362174981557,9.877525693975835,9.94362174981557,9.954438882310917,9.927256092045896,9.78807810674006,9.78807810674006,9.877525693975835,9.78807810674006,4.904272389792114,4.8574816157449145,4.734455519097307,4.8574816157449145,4.880362997939824,4.824699033598016,4.5938140115757236,4.5938140115757236,4.734455519097307,4.5938140115757236,1.0496253848348516,0.9776685768243165,0.9764279422034456,4.8762986007417535,4.870942774751047,4.893476818901022,4.821246918747942
147,73.5,9.96689240875602,9.946424769789322,9.883574409498863,9.946424769789322,9.956706559118146,9.930866829062879,9.798449646958844,9.798449646958844,9.883574409498863,9.798449646958844,4.908231080521409,4.863268154202402,4.744822103379914,4.863268154202402,4.885262512020787,4.831735752644687,4.609084552170908,4.609084552170908,4.744822103379914,4.609084552170908,1.0483847502139803,0.9782268624037086,0.9770172436483595,4.877327295055275,4.872175656075578,4.893822250490386,4.824293054499364
148,74.0,9.96854230775523,9.949089179773395,9.889327914433302,9.949089179773395,9.958861859552123,9.934299590633115,9.808324051886846,9.808324051886846,9.889327914433302,9.808324051886846,4.912033084189219,4.868831975986616,4.7548141960717505,4.868831975986616,4.88997093290855,4.838506454778281,4.623838425859534,4.623838425859534,4.7548141960717505,4.623838425859534,1.0471751314586308,0.9787711908436159,0.9775918125571506,4.878316726837153,4.873362012969818,4.894153873413013,4.827232606048155
149,74.5,9.970110244435462,9.951621761226644,9.89480027715902,9.951621761226644,9.96091030484152,9.937563028382504,9.817724150947079,9.817724150947079,9.89480027715902,9.817724150947079,4.915684186090645,4.874180921217952,4.764443493197138,4.874180921217952,4.894495143884161,4.845020207748929,4.638089608340235,4.638089608340235,4.764443493197138,4.638089608340235,1.045995753172165,0.9793019110725255,0.9781520172432218,4.879268289912444,4.874503470587104,4.8944722364220645,4.830068857141116
