step,timestamp,gene_dnaA,gene_rpoB,gene_gyrA,gene_ftsZ,gene_groEL,gene_atpD,gene_tufA,protein_DnaA,protein_RpoB,protein_GyrA,protein_FtsZ,protein_GroEL,protein_AtpD,protein_TufA,metabolite_glucose,metabolite_atp,metabolite_adp,metabolite_nadh,metabolite_amino_acids,pathway_glycolysis,pathway_translation,pathway_replication
0,0.0,2.0,1.5,1.0,1.0,0.8,1.2,1.5,2.0,1.5,1.0,1.0,0.8,1.2,1.5,5.0,3.0,1.0,0.5,2.0,2.0,1.5,1.0
1,0.5,2.08,1.56375,1.045,1.045,0.8368000000000001,1.2528,1.56375,1.952,1.46409375,0.976125,0.976125,0.7809200000000001,1.17132,1.46409375,4.9,2.95,1.0,0.5125,1.975,4.6067079885473365,3.1939288684981832,3.1204795204795204
2,1.0,2.1623680000000003,1.6297109296875,1.091789875,1.091789875,0.8751388288000002,1.3075924608,1.6297109296875,1.9084592,1.4316318357421876,0.954613496875,0.954613496875,0.7637524707200001,1.1454438115199999,1.4316318357421876,4.8025,2.90125,1.0,0.5246875,1.950625,4.598536685978811,3.1884339755402675,3.1165224966711143
3,1.5,2.2471072231628804,1.6979166876001606,1.1404193430942373,1.1404193430942373,0.9150664303916329,1.364423093622295,1.6979166876001606,1.869213920579072,1.4024981611450822,0.9353933056086059,0.9353933056086059,0.7484415079437909,1.1222821982845572,1.4024981611450822,4.7074375,2.85371875,1.0,0.5365703125,1.926859375,4.590929164556485,3.1835844951046988,3.113196618366177
4,2.0,2.3342151299590705,1.768397916590013,1.1909375288584316,1.1909375288584316,0.9566330190510661,1.4233359964113605,1.768397916590013,1.8341086027990952,1.3765832010025785,0.9183970785496364,0.9183970785496364,0.7349352580228781,1.1017514882806134,1.3765832010025785,4.6147515625,2.80737578125,1.0,0.5481560546875,1.903687890625,4.583940602632107,3.1794479302264755,3.1105683702871123
5,2.5,2.423683085092375,1.841181656462514,1.243392744313136,1.243392744313136,0.9998889363379256,1.484373369438527,1.841181656462514,1.8029952497864499,1.3537835823640123,0.9035620432299829,0.9035620432299829,0.7231857185301823,1.083773248102546,1.3537835823640123,4.5243827734375,2.76219138671875,1.0,0.5594521533203125,1.881095693359375,4.5776218116083935,3.176089015544382,3.108701987058593
6,3.0,2.515496040862179,1.9162909898251697,1.29783225394574,1.29783225394574,1.044884493729767,1.547575216410962,1.9162909898251697,1.7757328883186818,1.334001677991441,0.8908297474171273,0.8908297474171273,0.7131485449469174,1.0682739661076928,1.334001677991441,4.436273204101562,2.718136602050781,1.0,0.5704658494873047,1.8590683010253906,4.5720181956413555,3.1735686277992095,3.107658407012142
7,3.5,2.6096322412473216,1.9937446835280026,1.3543020238461176,1.3543020238461176,1.0916698003900709,1.612979031979263,1.9937446835280026,1.7521870499339307,1.317145211180069,0.8801458106424238,0.8801458106424238,0.7047828627093233,1.0551847436017896,1.317145211180069,4.350366373999023,2.6751831869995115,1.0,0.5812042032501221,1.8375915934997558,4.567168798956751,3.171942741943173,3.107494259920149
8,4.0,2.7060629511369,2.073556828388922,1.412846455179455,1.412846455179455,1.140294575644156,1.6806194767902023,2.073556828388922,1.7322292712156566,1.3031268713307886,0.871459681489789,0.871459681489789,0.6980510839649611,1.0444409933414551,1.3031268713307886,4.2666072146490475,2.6333036073245237,1.0,0.5916740981688691,1.8166518036622619,4.56310547864933,3.1712614706391196,3.1082609240545955
9,4.5,2.8047522152161664,2.1557364802055763,1.473508102408862,1.473508102408862,1.1908079458301464,1.7505280415008795,2.1557364802055763,1.715736613035278,1.2918639397693885,0.8647243999755211,0.8647243999755211,0.6929187284124667,1.0359821447119044,1.2918639397693885,4.184942034282821,2.5924710171414107,1.0,0.6018822457146473,1.7962355085707054,4.559852236826482,3.171568222797665,3.1100036861842613
10,5.0,2.9056566510331745,2.2402873053554093,1.5363273768899823,1.5363273768899823,1.2432582253023927,1.822732701455519,2.2402873053554093,1.7025911986593434,1.2832779254148043,0.8598963643989946,0.8598963643989946,0.6893542476244032,1.029751355012697,1.2832779254148043,4.105318483425751,2.5526592417128753,1.0,0.6118351895717812,1.7763296208564376,4.557424739716837,3.1728990124457805,3.112761034286819
11,5.5,3.0087252807163667,2.327207234570497,1.601342236689573,1.601342236689573,1.297692681493602,1.8972575640235183,2.327207234570497,1.6926797707442853,1.2772942100083267,0.8569351020962842,0.8569351020962842,0.6873288522805231,1.0256952263626502,1.2772942100083267,4.027685521340107,2.5138427606700535,1.0,0.6215393098324866,1.7569213803350268,4.555830043256377,3.175281942869761,3.1165641070707566
12,6.0,3.113899405678076,2.4164881287358355,1.668587863729022,1.668587863729022,1.3541572840902718,1.974122510903472,2.4164881287358355,1.685893267349023,1.2738417027263063,0.8558030435846955,0.8558030435846955,0.6868163417687537,1.0237635278171044,1.2738417027263063,3.9519933833066045,2.475996691653302,1.0,0.6310008270866745,1.737998345826651,4.555066535242299,3.178736883046483,3.1214363172602475
13,6.5,3.221112528418568,2.508115460791021,1.738096329620554,1.738096329620554,1.4126964385445118,2.0533428380083665,2.508115460791021,1.682126417192036,1.2728525041097665,0.8564652996459746,0.8564652996459746,0.6877929356439288,1.0239089223764584,1.2728525041097665,3.8781935487239396,2.4390967743619694,1.0,0.6402258064095077,1.7195483871809847,4.555124094092276,3.183275344437514,3.127393157512552
14,7.0,3.330290325235821,2.6020680180072775,1.8098962518463795,1.8098962518463795,1.4733527043343557,2.1349288958567834,2.6020680180072775,1.6812773544633297,1.27426157935446,0.8588894409598353,0.8588894409598353,0.6902371064700913,1.026086698654055,1.27426157935446,3.8062387100058412,2.40311935500292,1.0,0.64922016124927,1.70155967750146,4.555984454307452,3.1889005569303452,3.1344421894113084
15,7.5,3.4413506732458155,2.6983176290559596,1.8840124422264606,1.8840124422264606,1.5361664985942267,2.2188857336978014,2.6983176290559596,1.6832472535713086,1.278006441113136,0.863045279967505,0.863045279967505,0.6941294136114424,1.0302545070637974,1.278006441113136,3.7360827422556953,2.368041371127847,1.0,0.6579896572180383,1.6840206855639235,4.557621759634552,3.195607733750412,3.142583207825291
16,8.0,3.554203734626859,2.796828920372387,1.960465549925463,1.960465549925463,1.6011757859669218,2.3052127508866533,2.796828920372387,1.6879399842584146,1.2840268420667889,0.8689046547172663,0.8689046547172663,0.6994523375800433,1.036372100482774,1.2840268420667889,3.667680673699303,2.3338403368496508,1.0,0.6665399157875873,1.6669201684248254,4.560003277282519,3.2033845071661116,3.1518085656074977
17,8.5,3.6687521004220245,2.8975591063418493,2.0392717015595134,2.0392717015595134,1.668415755777434,2.393903359296734,2.8975591063418493,1.6952617875560445,1.2922644776219956,0.8764412145203908,0.8764412145203908,0.706190114595477,1.0444010794410536,1.2922644776219956,3.60098865685682,2.3004943284284094,1.0,0.6748764178928977,1.6502471642142047,4.563090240840904,3.2122115102826747,3.1621036375968146
18,9.0,3.7848909955713705,3.000457817785219,2.120442141273582,2.120442141273582,1.7379184878956737,2.48494466079331,3.000457817785219,1.7051209730675265,1.3026626991855264,0.8856302073262108,0.8856302073262108,0.714328571063095,1.0543046419888338,1.3026626991855264,3.5359639404353995,2.2679819702176993,1.0,0.6830045074455752,1.6339909851088497,4.566838786043072,3.222063075525722,3.1734473984931193
19,9.5,3.902508546108153,3.1054669730929376,2.2039828739648164,2.2039828739648164,1.8097126089376094,2.5783171439969497,3.1054669730929376,1.717427638066854,1.3151662385535734,0.8964482688090206,0.8964482688090206,0.7238549577333805,1.0660473384893159,1.3151662385535734,3.4725648419245143,2.2362824209622567,1.0,0.6909293947594358,1.6181412104811284,4.571200942280971,3.232908017725666,3.185813086563254
20,10.0,4.021486108651325,3.2125206961427293,2.289894315119406,2.289894315119406,1.883822940749751,2.6739944047216544,3.2125206961427293,1.7320934088797946,1.329720944029463,0.9088732132465548,0.9088732132465548,0.7347577833654553,1.0795948316828914,1.329720944029463,3.4107507208764014,2.2053753604382003,1.0,0.6986561598904499,1.6026876802191001,4.576125643678291,3.2447104690214017,3.1991689242948573
21,10.5,4.141698661473513,3.321545284834139,2.3781709510032956,2.3781709510032956,1.9602701434267635,2.7719428945753237,3.321545284834139,1.7490312049726426,1.3462735289488434,0.9228838263593094,0.9228838263593094,0.7470266477828515,1.09491366246313,1.3462735289488434,3.3504819528544916,2.1752409764272453,1.0,0.7061897558931887,1.5876204882136227,4.5815597262740075,3.257430733936798,3.2134788679012187
22,11.0,4.263015255534931,3.4324592336798263,2.468801013192481,2.468801013192481,2.0390703554220497,2.8721217022501566,3.4324592336798263,1.7681550261123837,1.3647713333433968,0.938459660371156,0.938459660371156,0.7606520742792602,1.1119710218962273,1.3647713333433968,3.2917199040331293,2.145859952016564,1.0,0.713535011995859,1.572929976008282,4.587448882055192,3.271026135652841,3.2287033597374295
23,11.5,4.38529952296706,3.5451733134094483,2.561766171638404,2.561766171638404,2.120234833621347,2.974482371999983,3.5451733134094483,1.7893797628809411,1.3851620995114633,0.9555808316435583,0.9555808316435583,0.7756253414058308,1.1307345301014156,1.3851620995114633,3.2344269064323012,2.11721345321615,1.0,0.7206966366959625,1.558606726608075,4.593738545745686,3.285451828329187,3.2448000608913024
24,12.0,4.508410239584737,3.6595907099693683,2.6570412506295695,2.6570412506295695,2.2037695965539075,3.0789687636932888,3.6595907099693683,1.8126210307265125,1.4073937622851243,0.9742278213271196,0.9742278213271196,0.791938314249387,1.151172022688677,1.4073937622851243,3.1785662337714937,2.0892831168857464,1.0,0.7276792207785634,1.5446415584428732,4.6003746959386635,3.3006615549158473,3.2617245451080707
25,12.5,4.632201937122011,3.7756072246453662,2.7545939721233124,2.7545939721233124,2.2896750742081258,3.1855169586389582,3.7756072246453662,1.837795027618237,1.4314142547870021,0.9943812795638465,0.9943812795638465,0.8095832753921208,1.1732513455202171,1.4314142547870021,3.124102077927206,2.062051038963603,1.0,0.7344872402590993,1.5310255194818014,4.6073045579262955,3.3166083348421607,3.2794309394494365
26,13.0,4.756525560046727,3.893111536303663,2.8543847309731873,2.8543847309731873,2.377945768191282,3.2940552151020244,3.893111536303663,1.8648184152384935,1.4571713304552436,1.0160218338599838,1.0160218338599838,0.8285527558272968,1.196940158621757,1.4571713304552436,3.070999525979026,2.0354997629895126,1.0,0.7411250592526218,1.5177498814947563,4.614477201067361,3.333245070921838,3.297872501364829
27,13.5,4.8812291610321745,4.011985525948343,2.9563664065597823,2.9563664065597823,2.468569926218552,3.4045039770564216,4.011985525948343,1.8936082235023732,1.48461240208119,1.0391299023309792,1.0391299023309792,0.8488393661913958,1.2222057501170795,1.48461240208119,3.0192245378295506,2.0096122689147746,1.0,0.7475969327713063,1.5048061344573873,4.621844028468545,3.350525069479299,3.3170021259104
28,14.0,5.006158628471229,4.132104662943665,3.0604842152385956,3.0604842152385956,2.5615292351263266,3.5167759392602775,4.132104662943665,1.9240817780390354,1.513684398550722,1.0636855125953952,1.0636855125953952,0.8704356287599841,1.2490148610927325,1.513684398550722,2.9687439243838116,1.9843719621919051,1.0,0.7539070094520237,1.4921859810959526,4.629359160954692,3.368402471869105,3.336772780498981
29,14.5,5.131158438827706,4.253338451363245,3.1666756078419023,3.1666756078419023,2.6567985367706086,3.6307761711884914,4.253338451363245,1.9561566501077763,1.5443336399072671,1.089668127161673,1.089668127161673,0.8933338107412502,1.2773335223178082,1.5443336399072671,2.9195253262742162,1.9597626631371075,1.0,0.7600593342157231,1.4798813315685537,4.6369797206717305,3.3868325990890478,3.357137867677369
30,15.0,5.256072426147327,4.375550934022182,3.274870216207493,3.274870216207493,2.754345571284207,3.7464023017215653,4.375550934022182,1.9897506282560706,1.5765057312624584,1.1170564762087767,1.1170564762087767,0.9175257594862929,1.3071269037449569,1.5765057312624584,2.8715371931173608,1.9357685965586797,1.0,0.7660578508603301,1.4678842982793399,4.644666022183721,3.4057722140110736,3.3780515189426326
31,15.5,5.380744560710162,4.498601250842179,3.384989852352853,3.384989852352853,2.8541307522181527,3.8635447657759205,4.498601250842179,2.024781710861021,1.61014547597039,1.1458283987071591,1.1458283987071591,0.943002740317432,1.338359177702107,1.61014547597039,2.824748763289427,1.9123743816447127,1.0,0.7719064045888219,1.4561871908223563,4.65238168063224,3.4251797078652,3.399468824514844
32,16.0,5.50501972860761,4.622344247313894,3.496948563467837,3.496948563467837,2.956106978075274,3.982087113278944,4.622344247313894,2.0611681185331605,1.6451968083547177,1.1759606928584971,1.1759606928584971,0.9697552777534423,1.3709933966489753,1.6451968083547177,2.779130044207191,1.889565022103595,1.0,0.7776087444741013,1.4447825110517973,4.660093647504445,3.445015219048318,3.4213460053083167
33,16.5,5.628744503976195,4.746631127976209,3.61065274536353,3.61065274536353,3.060219484649911,4.10190638005418,4.746631127976209,2.0988283252059072,1.6816027461363872,1.2074289768496604,1.2074289768496604,0.9977730009820179,1.4049913863178811,1.6816027461363872,2.734651793102011,1.8673258965510051,1.0,0.7831685258622488,1.4336629482755023,4.66777218491376,3.4652406931626056,3.4436405341439054
34,17.0,5.7517679057197935,4.8713101490496555,3.7260013163937007,3.7260013163937007,3.1664057424112517,4.222873519303243,4.8713101490496555,2.1376811065886065,1.7193053625558092,1.24020756091702,1.24020756091702,1.0270444944931982,1.440313654984568,1.7193053625558092,2.691285498274461,1.84564274913723,1.0,0.7885893127156927,1.4228213745686147,4.675390789153909,3.4858198935066764,3.4663112135952723
35,17.5,5.873942130799442,4.996227343660967,3.8428859531645476,3.8428859531645476,3.2745954029039397,4.344853891468242,4.996227343660967,2.1776456045291623,1.758245778019543,1.2742693317002827,1.2742693317002827,1.0575571548411369,1.4769193195220458,1.758245778019543,2.6490033608175994,1.8245016804087992,1.0,0.7938745798978003,1.4122508402043994,4.682926073762895,3.506718371143624,3.4893182178442226
36,18.0,5.995123256559511,5.121227272496288,3.961191388577628,3.961191388577628,3.3847102977855386,4.46770780935062,5.121227272496288,2.218641405716692,1.7983641709309732,1.3095856498297092,1.3095856498297092,1.0892970545437186,1.514766048779709,1.7983641709309732,2.6077782767971596,1.8038891383985793,1.0,0.7990277154003553,1.4019445691992893,4.690357621540374,3.527903403250633,3.5126231056165618
37,18.5,6.115171905080783,5.246153792238304,4.080795771921802,4.080795771921802,3.496664493675138,4.591291134469489,5.246153792238304,2.260588633057877,1.839599807190382,1.3461262616362688,1.3461262616362688,1.122248814158411,1.5538100247024609,1.839599807190382,2.5675838198772305,1.7837919099386148,1.0,0.8040520225153465,1.391895954969307,4.6976678139981916,3.5493439078044093,3.5361888107578503
38,19.0,6.233953863191376,5.370850833791137,4.201571089857218,4.201571089857218,3.610364405452253,4.715455919785673,5.370850833791137,2.3034080479847674,1.8818910876756414,1.3838592258008857,1.3838592258008857,1.156395483586797,1.5940059214619797,1.8818910876756414,2.5283942243802997,1.7641971121901494,1.0,0.8089507219524628,1.3820985560950745,4.7048416456723565,3.571010341854886,3.5599796163570736
39,19.5,6.351340652508951,5.49516318208652,4.3233836462344595,4.3233836462344595,3.7257089700240824,4.840051093117748,5.49516318208652,2.347021161898253,1.9251756128440223,1.422750855666703,1.422750855666703,1.191718433658059,1.6353069027168243,1.9251756128440223,2.4901843687707923,1.7450921843853957,1.0,0.8137269539036512,1.3725460921926975,4.711866529651215,3.592874589753077,3.583961117594389
40,20.0,6.467210044713335,5.61893724920205,4.446094597783545,4.446094597783545,3.842589881878697,4.964923174853684,5.61893724920205,2.3913503549211734,1.9693902634318725,1.4627656778279565,1.4627656778279565,1.2281972590221235,1.6776646369523252,1.9693902634318725,2.4529297595515227,1.726464879775761,1.0,0.8183837800560599,1.3632324398878801,4.718732099628637,3.6149098467815954,3.6081001777249155
41,20.5,6.581446518136796,5.742021832609801,4.569560541810522,4.569560541810522,3.960891890971049,5.0899170229353725,5.742021832609801,2.4363190001285346,2.014471296075524,1.5038664074818218,1.5038664074818218,1.2658096933452936,1.7210293306780933,2.014471296075524,2.4166065155627345,1.7083032577813668,1.0,0.8229241855546584,1.3541516288906832,4.725430012808297,3.6370905027296296,3.632364880851622
42,21.0,6.693941652688161,5.864268850609453,4.69363415117469,4.69363415117469,4.080493162659801,5.214876597580305,5.864268850609453,2.481851591439312,2.060354452536984,1.5460139408870979,1.5460139408870979,1.304531537744524,1.7653497790836963,2.060354452536984,2.381191352673666,1.6905956763368326,1.0,0.8273510809157919,1.3452978381684162,4.7319537570880605,3.6593920290884507,3.6567244844147013
43,21.5,6.804594461074601,5.985534047378784,4.818164851008058,4.818164851008058,4.201265698540224,5.3396457378193665,5.985534047378784,2.5278738733942117,2.1069750810946046,1.5891673651179445,1.5891673651179445,1.3443366033208033,1.8105734335749957,2.1069750810946046,2.3466615688568244,1.6733307844284118,1.0,0.8316673038928971,1.3366653922142058,4.738298465155344,3.6817908727395805,3.681149373652131
44,22.0,6.913311655229895,6.10567766058607,4.942999530901013,4.942999530901013,4.323075816118582,5.464068941683272,6.10567766058607,2.5743129711052486,2.1542682685545262,1.6332839851345726,1.6332839851345726,1.3851966685577277,1.8566464854383278,2.1542682685545262,2.312995029635404,1.6564975148177015,1.0,0.8358756212955747,1.3282487574088506,4.744460737429536,3.7042643582785537,3.7056110196789604
45,22.5,7.020007847779703,6.224565045140475,5.067983285633626,5.067983285633626,4.445784684364964,5.587992141770097,6.224565045140475,2.6210975187444787,2.202168981255312,1.6783193680186845,1.6783193680186845,1.4270814522389654,1.9035139647106638,2.202168981255312,2.280170153894519,1.640085076947259,1.0,0.8399787307631853,1.3200425384736294,4.750438475195652,3.726790600469349,3.730081942298197
46,23.0,7.124605689254245,6.342067247391575,5.192960176997998,5.192960176997998,4.569248911284542,5.71126346797618,6.342067247391575,2.668157785038611,2.2506122133773356,1.7242274040427001,1.7242274040427001,1.4699586024091307,1.951119853174535,2.2506122133773356,2.248165900047156,1.6240829500235776,1.0,0.8439792624941057,1.3120414750117886,4.7562307247788835,3.7493484277601477,3.7545356781965076
47,23.5,7.227035942580187,6.458061524908969,5.317774008848462,5.317774008848462,4.693321178782394,5.833733989371793,6.458061524908969,2.715425794351185,2.299533140831193,1.7709603840617767,1.7709603840617767,1.513793701758234,1.999407210250103,2.299533140831193,2.216961752545977,1.608480876272988,1.0,0.8478797809317531,1.3042404381364938,4.7618375332051786,3.7719173173085583,3.778946754792431
48,24.0,7.327237497132467,6.572431807856869,5.4422691072449645,5.4422691072449645,4.817850919285477,5.955258427546624,6.572431807856869,2.7628354420619377,2.3488672789860554,1.818469092539812,1.818469092539812,1.5585502896524592,2.0483183104262634,2.3488672789860554,2.1865377087323274,1.5932688543661633,1.0,0.8516827864084593,1.2966344271830814,4.76725981546897,3.7944773415600688,3.8032906696901665
49,24.5,7.42515732529217,6.685069098905069,5.566291097428849,5.566291097428849,4.9426850278474515,6.075695834229629,6.685069098905069,2.8103226030911452,2.398550642509379,1.8667029153485426,1.8667029153485426,1.6041899008660225,2.097794790760691,2.398550642509379,2.1568742660140194,1.5784371330070093,1.0,0.8553907167482478,1.2892185665035043,4.772499233276032,3.8170091260918726,3.827543875443487
50,25.0,7.5207503850300785,6.7958718095646455,5.689687669393713,5.689687669393713,5.067668602817287,6.194910226590734,6.7958718095646455,2.85782523256234,2.4485199056230265,1.9156099613159583,1.9156099613159583,1.6506721208931536,2.147777806887425,2.4485199056230265,2.127952409363669,1.563976204681834,1.0,0.8590059488295416,1.2819881023409168,4.777558084937066,3.839493818169281,3.851683769145809
51,25.5,7.613979472511932,6.9047460317827,5.812309323987145,5.812309323987145,5.192645707618251,6.312771174342679,6.9047460317827,2.9052834577470215,2.4987125611364425,1.965137196349839,1.965137196349839,1.6979546575389521,2.1982081959016204,2.4987125611364425,2.0997535991295773,1.5498767995647882,1.0,0.8625308001088031,1.2749383997823938,4.782439205946769,3.8619130652569678,3.875688686227687
52,26.0,7.704815029098364,7.011605744554741,5.934010091797962,5.934010091797962,5.317460145774932,6.429154333561754,7.011605744554741,2.9526396605871295,2.549067076693489,2.015230588827296,2.015230588827296,1.7459934283063778,2.2490266444455833,2.549067076693489,2.0722597591513376,1.5361298795756684,1.0,0.8659675301060831,1.2680649397878339,4.787145879684983,3.884249002575838,3.899537897755159
53,26.5,7.793234907390182,7.116372956197113,6.05464821754006,6.05464821754006,5.441956241054155,6.543941923016062,7.116372956197113,2.9998385502425275,2.5995230467637422,2.065835264824433,2.065835264824433,1.7947426629174128,2.3001738602987056,2.5995230467637422,2.0454532651725543,1.5227266325862767,1.0,0.869318341853431,1.261363316293138,4.7916817576132695,3.906484248691765,3.9232116104748944
54,27.0,7.879224101150866,7.2189777837485005,6.174086803226258,6.174086803226258,5.565979614459121,6.657023139707829,7.2189777837485005,3.0468272252591726,2.6500213390192675,2.1168956716638676,2.1168956716638676,1.8441550201330201,2.351590745776466,2.6500213390192675,2.0193169335432404,1.5096584667716197,1.0,0.8725853833070952,1.2548292333858095,4.796050788304946,3.9286019080588024,3.946690968838544
55,27.5,7.962774444027626,7.319358471724653,6.292194404118708,6.292194404118708,5.689377949839205,6.768294511280193,7.319358471724653,3.0935552250969045,2.7005042338614205,2.1683557481836417,2.1683557481836417,1.8941817178723492,2.403218571269648,2.7005042338614205,1.9938340102046594,1.4969170051023293,1.0,0.8757707487244178,1.2484585025511643,4.800257154633366,3.9505855794109075,3.9699580582531513
56,28.0,8.043884281996709,7.417461353122849,6.408845572228529,6.408845572228529,5.812001740050582,6.877660183887075,7.417461353122849,3.139974570891977,2.7509155559964205,2.220159100080173,2.220159100080173,1.9447726754799963,2.4549991473033423,2.7509155559964205,1.968988159949543,1.484494079974771,1.0,0.8788764800063074,1.2422470399873853,4.804305218446855,3.972419368897397,3.9929959088411513
57,28.5,8.122558124385776,7.513240756153635,6.523921342996589,6.523921342996589,5.9337050059213565,6.985032145056301,7.513240756153635,3.1860397954570225,2.8012007971004405,2.272249178651079,2.272249178651079,1.9958766668540304,2.506874993564583,2.8012007971004405,1.9447634559508042,1.4723817279754017,1.0,0.8819045680061497,1.2361908639877006,4.8081994720750645,3.9940879068834363,4.0157884990475345
58,29.0,8.198806278184938,7.6066588606616765,6.637309661698386,6.637309661698386,6.054345980730943,7.090330381971767,7.6066588606616765,3.231707962638795,2.8513072287619603,2.3245694612609844,2.3245694612609844,2.0474414830296026,2.558789503435648,2.8513072287619603,1.921144369552034,1.4605721847760167,1.0,0.8848569538059959,1.2302860923880081,4.811944496037047,4.0155763673832565,4.038320758498343
59,29.5,8.272644470158161,7.697685508582346,6.748905747056932,6.748905747056932,6.173787753495525,7.193482976442795,7.697685508582346,3.2769386762608095,2.901184005038421,2.3770636318743583,2.3770636318743583,2.0994141027155107,2.610687102674935,2.901184005038421,1.8981157603132333,1.4490578801566163,1.0,0.887735529960846,1.224528940078308,4.815544922353231,4.036870489156524,4.060578569589919
60,30.0,8.344093461017877,7.78629797306627,6.8586123904964875,6.8586123904964875,6.291898865044245,7.2944261386030735,7.78629797306627,3.321694078973216,2.9507822541131565,2.4296757600430525,2.4296757600430525,2.1517408692058413,2.662513401006265,2.9507822541131565,1.8756628663054025,1.437831433152701,1.0,0.8905421417118249,1.2189157165763502,4.81900540289945,4.057956597573509,4.082548767368599
61,30.5,8.413178655637765,7.872480691092703,6.966340190405952,6.966340190405952,6.408553851656732,7.3931041820755485,7.872480691092703,3.3659388414154994,3.000055158684816,2.4823504768010487,2.4823504768010487,2.2043676720369674,2.7142153355078404,3.000055158684816,1.8537712946477674,1.4268856473238833,1.0,0.8932785881690293,1.2134428236619414,4.822330582279422,4.078821626439182,4.104219137342816
62,31.0,8.479929712961258,7.956224964489201,7.072007721683923,7.072007721683923,6.523633731891647,7.489469443944211,7.956224964489201,3.409640142168756,3.0489580248628054,2.5350331460030944,2.5350331460030944,2.2572401317324102,2.7657413048310535,3.0489580248628054,1.8324270122815731,1.4162135061407863,1.0,0.8959466234648036,1.2081067530703928,4.825525074731239,4.099453139056996,4.125578410951303
63,31.5,8.544380158925506,8.037528634285856,7.175541641690335,7.175541641690335,6.637026433146857,7.583482153382551,8.037528634285856,3.4527676390334556,3.0974483394768115,2.587670029745198,2.587670029745198,2.3103037859744613,2.8170412934240647,3.0974483394768115,1.8116163369745337,1.4058081684872668,1.0,0.8985479578781835,1.202904084243633,4.828593444622412,4.119839347907241,4.146616258490157
64,32.0,8.606567005370582,8.116395733265323,7.276876734516692,7.276876734516692,6.748627155432749,7.67511025319832,8.116395733265323,3.4952934322160476,3.145485815834604,2.6402084466208553,2.6402084466208553,2.363504275561557,2.8680669850828195,3.145485815834604,1.7913259285501704,1.395662964275085,1.0,0.9010842589312289,1.1978314821375422,4.831540190126117,4.139969132410161,4.16732327937618
65,32.5,8.666530377549444,8.192836121433752,7.375955896195775,7.375955896195775,6.858338670789165,7.764329178864486,8.192836121433752,3.5371920200439813,3.193032428078718,2.6925969216947068,2.6925969216947068,2.416787528553208,2.9187718653002905,3.193032428078718,1.771542780336416,1.385771390168208,1.0,0.9035571524579482,1.1928856950841036,4.834369729707858,4.1598320543383425,4.187690989693042
66,33.0,8.72431315250198,8.266865108942092,7.4727300640924375,7.4727300640924375,6.9660715577124135,7.851121599818878,8.266865108942092,3.578440247854332,3.240052434398334,2.7447853272122824,2.7447853272122824,2.470099941068358,2.9691113120307477,3.240052434398334,1.7522542108280057,1.3761271054140027,1.0,0.9059682236464995,1.188063552707001,4.837086391086557,4.179418370534496,4.207711807029229
67,33.5,8.779960610212484,8.338503070741975,7.567158094243105,7.567158094243105,7.071744370862185,7.935477127934109,8.338503070741975,3.619017250716927,3.2865123894469668,2.796725013207746,2.796725013207746,2.523388553286495,3.019042674627563,3.2865123894469668,1.7334478555573056,1.3667239277786527,1.0,0.9083190180553371,1.1833619638893258,4.83969440236668,4.198719042678249,4.227379032672046
68,34.0,8.833520099138694,8.407775056975208,7.659206590838916,7.659206590838916,7.175283747171189,8.017391998090988,8.407775056975208,3.658904390659548,3.3323811463989985,2.8483689273183317,2.8483689273183317,2.57660121930145,3.0685253408484594,3.3323811463989985,1.715111659168373,1.3575558295841863,1.0,0.9106110426039536,1.1787779147920927,4.84219788506848,4.2177257439275975,4.246686831269704
69,34.5,8.885040717386191,8.474710402780495,7.74884969237511,7.74884969237511,7.276624450267653,8.09686872574027,8.474710402780495,3.698085189061225,3.377629849148561,2.899671723261793,2.899671723261793,2.629686769593069,3.117520791949543,3.377629849148561,1.6972338676891636,1.3486169338445817,1.0,0.9128457665388549,1.1743084669222903,4.844600848811596,4.236430862336403,4.265630208113575
70,35.0,8.934573010507448,8.53934234086454,7.836068819218756,7.836068819218756,7.375709355829871,8.17391574621793,8.53934234086454,3.73654525487085,3.4222319152127465,2.950589857579172,2.950589857579172,2.682595165009162,3.1659926460075143,3.4222319152127465,1.6798030209969346,1.339901510498467,1.0,0.9150246223753835,1.169950755249233,4.846907187433131,4.254827501018067,4.2842049842253385
71,35.5,8.982168686632379,8.601707619835357,7.920852387482031,7.920852387482031,7.472489381112983,8.24854704039748,8.601707619835357,3.7742722092931174,3.466163009947993,3.0010816743872644,3.0010816743872644,2.7352776412865283,3.2139066897170756,3.466163009947993,1.6628079454720113,1.3314039727360054,1.0,0.9171490068159989,1.1657019863680023,4.849120676345088,4.272909475086719,4.302407769459023
72,36.0,9.027880349388402,8.661846130941457,8.003195494134735,8.003195494134735,7.566923362414401,8.320781751029104,8.661846130941457,3.8112556075631714,3.5094010127241297,3.0511074780212697,3.0511074780212697,2.787686843282562,3.2612308990069496,3.5094010127241297,1.646237746835211,1.3231188734176054,1.0,0.9192202816455989,1.1615594367088022,4.851244970957597,4.290671305460781,4.320235933846464
73,36.5,9.071761248843456,8.719800545508003,8.083099578254778,8.083099578254778,7.658977884671857,8.390643793839265,8.719800545508003,3.847486858406099,3.551925975725623,3.1006295935765755,3.1006295935765755,2.8397769482352304,3.3079354489025836,3.551925975725623,1.6300818031643307,1.3150409015821651,1.0,0.9212397746044589,1.1575204507910821,4.853283606014013,4.308108209659503,4.337687577426853
74,37.0,9.11386505050554,8.775615965016195,8.160572063207605,8.160572063207605,7.7486270677159865,8.458161467155762,8.775615965016195,3.8829591417484326,3.5937200760647467,3.149612415477937,3.149612415477937,2.891503777516369,3.3539927131363485,3.5937200760647467,1.6143297580852225,1.307164879042611,1.0,0.9232087802393475,1.153582439521305,4.855239995701675,4.325216089761091,4.354761498807468
75,37.5,9.154245622236685,8.829339585439769,8.235625984373963,8.235625984373963,7.835852313929082,8.523367063491158,8.829339585439769,3.9176673252169283,3.6347675618975037,3.198022444313389,3.198022444313389,2.9428248964887773,3.39937725406681,3.6347675618975037,1.598971514133092,1.2994857570665457,1.0,0.9251285607333638,1.1497428785332724,4.857117434418103,4.341991517721697,4.371457162704029
76,38.0,9.192956838787321,8.88102037713669,8.308279606820182,8.308279606820182,7.920642022196997,8.586296486170687,8.88102037713669,3.951607879925765,3.6750546932310457,3.245828312268224,3.245828312268224,2.9936997022192635,3.444065803517737,3.6750546932310457,1.5839972262797648,1.291998613139882,1.0,0.9270003467150297,1.1459993065699405,4.858919098086804,4.3584317182780845,4.387774666705914
77,38.5,9.230052403527655,8.930708781297938,8.37855603703567,8.37855603703567,8.002991273087883,8.646988873737085,8.930708781297938,3.9847787960176677,3.7145696781019417,3.2930007975807047,3.2930007975807047,3.0440894989354974,3.4880372351852773,3.7145696781019417,1.5693972956227706,1.2846986478113849,1.0,0.928825338047154,1.142349323905692,4.860648045929718,4.374534549673807,4.403714707504617
78,39.0,9.265585686844704,8.978456423681074,8.446482832558718,8.446482832558718,8.082901490156672,8.705486234511275,8.978456423681074,4.017179498387902,3.7533026047888716,3.3395128285156375,3.3395128285156375,3.0939575612426395,3.5312725292887954,3.7533026047888716,1.5551623632322014,1.2775811816161002,1.0,0.9306047045959751,1.1387905908080498,4.862307222614898,4.390298482459637,4.419278546813682
79,39.5,9.299609580585631,9.024315846105427,8.51209161298311,8.51209161298311,8.160380082166622,8.761833093340512,9.024315846105427,4.048810762983148,3.7912453707020637,3.3853394774144334,3.3853394774144334,3.143269185234673,3.5737547301578685,3.7912453707020637,1.5412833041513962,1.2706416520756978,1.0,0.9323395869810758,1.1353208260378485,4.863899460708278,4.405722576624519,4.434467977195753
80,40.0,9.332176367858313,9.06834025595935,8.575417675493178,8.575417675493178,8.235440070847844,8.816076152229753,9.06834025595935,4.079674634030448,3.828391608565944,3.430457945431041,3.430457945431041,3.1919917277441354,3.615468897455719,3.828391608565944,1.5277512215476114,1.2638756107738054,1.0,0.9340310973065489,1.1319378053869023,4.865427483367607,4.42080645731391,4.4492852879977836
81,40.5,9.363337607447162,9.110583293768054,8.636499617722032,8.636499617722032,8.308099708587605,8.86826396623167,9.110583293768054,4.109774342515105,3.8647366104818484,3.47484753860254,3.47484753860254,3.240094634071619,3.656402051738725,3.8647366104818484,1.514557441008921,1.2572787205044602,1.0,0.9356803198738851,1.1286393602522298,4.866893907224716,4.435550289388897,4.463733231579455
82,41.0,9.393144032064349,9.151098818693029,8.69537897037357,8.69537897037357,8.378382090177817,8.918446635669438,9.151098818693029,4.139114226190959,3.9002772504250816,3.5184896359317523,3.5184896359317523,3.2875494546224835,3.6965431150435246,3.9002772504250816,1.5016935049836981,1.2508467524918487,1.0,0.937288311877038,1.125423376245924,4.868301245409597,4.449954751072247,4.47781499000287
83,41.5,9.421645459632035,9.189940711680256,8.752099841700174,8.752099841700174,8.446314762441647,8.966675515486493,9.189940711680256,4.167699651372212,3.9350119056958337,3.561367650177669,3.561367650177669,3.3343298509524004,3.7358828471785106,3.9350119056958337,1.4891511673591056,1.2445755836795525,1.0,0.938856104080112,1.122287791839776,4.869651910676111,4.46402100691753,4.491534142334162
84,42.0,9.448890716778612,9.227162695843278,8.806708575589742,8.806708575589742,8.51192933523253,9.013002942260693,9.227162695843278,4.195536936723067,3.968940377807124,3.6034669820585292,3.6034669820585292,3.3804115917855935,3.7744137783761023,3.968940377807124,1.4769223881751279,1.2384611940875636,1.0,0.9403847014781092,1.1192305970437817,4.870948218594874,4.4777506803249025,4.504894632689976
85,42.5,9.474927573729417,9.262818173557633,8.8592534246924,8.8592534246924,8.575261096954197,9.057481979187727,9.262818173557633,4.222633279230149,4.002063813255709,3.644774968572913,3.644774968572913,3.425772539620169,3.81213013893699,4.002063813255709,1.4649993284707497,1.2324996642353745,1.0,0.9418750839411564,1.1162498321176872,4.8721923907838445,4.491145825812808,4.517900739144406
86,43.0,9.499802689778798,9.296960079653568,8.9097842397124,8.9097842397124,8.636348637397226,9.10016617913056,9.296960079653568,4.248996682513112,4.034384624584263,3.685280826137077,3.685280826137077,3.470392628574091,3.8490277864684046,4.034384624584263,1.453374345258981,1.2266871726294901,1.0,0.9433282068426274,1.1133435863147452,4.873386558151532,4.504208901239166,4.530557043594911
87,43.5,9.523561568544096,9.329640750022886,8.958352175706882,8.958352175706882,8.695233480333723,9.14110936564813,9.329640750022886,4.274635887601058,4.065906412105622,3.724975589222895,3.724975589222895,3.5142538341537293,3.885104131286188,4.065906412105622,1.4420399866275064,1.2210199933137529,1.0,0.9447450016715617,1.1105099966568766,4.874532764131655,4.516942740149034,4.542868402669404
88,44.0,9.54624852222205,9.360911804901592,9.005009415972264,9.005009415972264,8.751959727962827,9.180365431756837,9.360911804901592,4.299560306276557,4.096633886622881,3.763852045161057,3.763852045161057,3.5573401356451133,3.9203580605157993,4.096633886622881,1.4309889869618189,1.215494493480909,1.0,0.9461263766297727,1.1077472467404545,4.875632967891459,4.52935052440861,4.554839919741204
89,44.5,9.56790664409302,9.390824046050941,9.049808913862131,9.049808913862131,8.806573718961554,9.217988156041699,9.390824046050941,4.323779957065054,4.12657279344301,3.8019046657495577,3.8019046657495577,3.5996374718368966,3.9547898613910517,4.12657279344301,1.4202142622877734,1.2101071311438865,1.0,0.9474732172140284,1.1050535655719431,4.876689047498884,4.5414357572682675,4.566476918103909
90,45.0,9.588577788547274,9.419427367034045,9.092804152668146,9.092804152668146,8.85912370157211,9.254031035619159,9.419427367034045,4.347305403925483,4.155729837946711,3.8391295362787834,3.8391295362787834,3.6411336907843546,3.988401144211978,4.155729837946711,1.409708905730579,1.2048544528652894,1.0,0.9487863867836778,1.1024272264326445,4.877702803036376,4.5532022369801854,4.577784915344821
91,45.5,9.608302557939528,9.446770675771598,9.134048923507658,9.134048923507658,8.90965952285193,9.288547135359103,9.446770675771598,4.370147697677697,4.184112612943665,3.8755242825525356,3.8755242825525356,3.681818494316435,4.021194765385356,4.184112612943665,1.3994661830873145,1.199733091543657,1.0,0.9500667271140858,1.0998665457718284,4.878675959651413,4.5646540310795,4.588769598943017
92,46.0,9.627120295611968,9.472901828557086,9.173597120997883,9.173597120997883,8.958232334928796,9.32158895269812,9.472901828557086,4.392318320184112,4.21172952801041,3.9110879964498557,3.9110879964498557,3.721683377973833,4.053174750933541,4.21172952801041,1.3894795285101316,1.1947397642550657,1.0,0.9513150589362337,1.0973698821275326,4.879610170535779,4.5757954514218335,4.599436803106971
93,46.5,9.645069084461648,9.49786757471754,9.211502556355875,9.211502556355875,9.004894318842418,9.353208297317707,9.49786757471754,4.413829131286447,4.238589740977828,3.94582116053626,3.94582116053626,3.760721567046202,4.084346220819807,4.238589740977828,1.3797425402973782,1.189871270148689,1.0,0.9525321824628279,1.0949356350743442,4.880507019827332,4.586631030054776,4.609792486856411
94,47.0,9.662185750464541,9.521713511119064,9.247818787444913,9.247818787444913,9.049698426316937,9.383456184918527,9.521713511119064,4.434692318483738,4.264703091706913,3.9797255721955698,3.9797255721955698,3.7989279493518153,4.11471531440178,4.264703091706913,1.3702489767899437,1.1851244883949719,1.0,0.9537188779012572,1.0925622441974856,4.881368025429503,4.597165495986496,4.619842713344083
95,47.5,9.678505870605369,9.54448404573588,9.282598965190063,9.282598965190063,9.092698139596367,9.412382744293025,9.54448404573588,4.454920349324685,4.290080038264964,4.012804267715543,4.012804267715543,3.836299005374134,4.144289117289016,4.290080038264964,1.3609927523701952,1.1804963761850975,1.0,0.9548759059537257,1.0902481880925485,4.8821946417450075,4.607403752901279,4.629593630405158
96,48.0,9.694063784698924,9.56622236952614,9.315895695706828,9.315895695706828,9.13394724928709,9.440037136882351,9.56622236952614,4.474525926475924,4.314731595589869,4.045061446722436,4.045061446722436,3.8728327363376045,4.173075589846625,4.314731595589869,1.3519679335609402,1.1759839667804701,1.0,0.9560040083048826,1.0879919833902347,4.882988262321391,4.617350857859378,4.639051452315112
97,48.5,9.708892610624815,9.586970435886334,9.347760917425724,9.347760917425724,9.173499649987647,9.466467487997878,9.586970435886334,4.493521945417749,4.338669276707534,4.076502397321958,4.076502397321958,3.9085285907704153,4.20108349755424,4.338669276707534,1.3431687352219168,1.1715843676109583,1.0,0.9571039080972605,1.085792183805479,4.883750222406908,4.627012001007349,4.648222442730965
98,49.0,9.72302426253283,9.606768946987858,9.378245792450251,9.378245792450251,9.211409153345413,9.491720828891168,9.606768946987858,4.5119214547101825,4.361905036546854,4.1071334222671165,4.1071334222671165,3.9433873900655296,4.2283223433988075,4.361905036546854,1.3345895168413688,1.1672947584206843,1.0,0.958176310394829,1.083647379210342,4.884481801416071,4.6363924863147385,4.657112898785843
99,49.5,9.736489471610462,9.625657346333199,9.40740061135471,9.40740061135471,9.247729318061005,9.515843048867694,9.625657346333199,4.529737618764935,4.384451218377841,4.136961766437628,4.136961766437628,3.9774112535137784,4.2548023024505595,4.384451218377841,1.3262247789203345,1.1631123894601672,1.0,0.9592219026349582,1.0815561947300836,4.88518422530487,4.6454977133439375,4.665729136302638
